,sku,reference_interne_magasin,name,status,on_selection,unite_prix,prix_public,short_description,poids_portion,nbre_portion,price,prix_kilo_site,tax_class_id,marge_arriere,cost,image,small_image,thumbnail,image_label,small_image_label,thumbnail_label,_product_websites,store,websites,commercant,,,categories,A détailler (choisir une option):drop_down:1,saisonnalite,producteur,lien_producteur,origine,labels_produits,produit_biologique,description,suggestion_utilisation,conseil_commercant,poids_par_pers,weight,notes_com,meta_title,meta_description,us_skus,re_skus,cs_skus
,DAN17-AGN-211,211,Brochette d'agneau,0,0,kg,29.90 €,"1 brochette de 200g environ
",0.200,1,5.98 €,29.9 €/kg,5,0.2,4.53 €,BDM17-brochetteagneau.jpg,BDM17-brochetteagneau.jpg,BDM17-brochetteagneau.jpg,Brochette d'agneau,Brochette d'agneau,Brochette d'agneau,petitcommis_batignolles,,,Boucherie Dandelion,Agneau Bio,,Boucher/Boucherie Dandelion/Agneau Bio;;Boucher/Boucherie Dandelion/Tous,,Toute l'année,,,France,,AB,,,,,0.200,,Brochette d'agneau,,,re::^CDV17-VR,
,DAN17-AGN-208,208,Poitrine d'agneau,0,0,kg,10.80 €,"1 portion de 1,1kg environ",1.100,1,11.88 €,10.8 €/kg,5,0.2,9.01 €,BDM17-poitrineagneau.jpg,BDM17-poitrineagneau.jpg,BDM17-poitrineagneau.jpg,Poitrine d'agneau,Poitrine d'agneau,Poitrine d'agneau,petitcommis_batignolles,,,Boucherie Dandelion,Agneau Bio,,Boucher/Boucherie Dandelion/Agneau Bio;;Boucher/Boucherie Dandelion/Tous,,Toute l'année,,,France,,AB,"La poitrine d'agneau est la partie basse du corps de l'animal. C'est un morceau riche en os et en cartilages, composé des muscles de l'abdomen. Peu coûteux mais très goûteux, pour de délicieux plats à mijoter d'hiver, il est proposé entier et désossé pour être farci, ou en morceaux avec ou sans os pour les braisés, les sautés et les ragoûts.",,,,1.100,,Poitrine d'agneau,"La poitrine d'agneau est la partie basse du corps de l'animal. C'est un morceau riche en os et en cartilages, composé des muscles de l'abdomen. Peu coûteux mais très goûteux, pour de délicieux plats à mijoter d'hiver, il est proposé entier et désossé pour être farci, ou en morceaux avec ou sans os p",,re::^CDV17-VR,
,DAN17-BOE-001,1,Roti dans filet de bœuf,Activé,1,kg,59.90 €,1 rôti de 500g environ,0.500,1,29.95 €,59.9 €/kg,5,0.2,22.71 €,roti_filet.jpg,roti_filet.jpg,roti_filet.jpg,Roti dans filet de bœuf,Roti dans filet de bœuf,Roti dans filet de bœuf,apdc_batignolles,"admin,batignolles",apdc_batignolles,Boucherie Dandelion,Boeuf Bio,,Boucher/Boucherie Dandelion/Boeuf Bio;;Boucher/Boucherie Dandelion/Tous,,Toute l'année,,,France,,AB,Le filet à griller est le morceau le plus tendre du bœuf. C’est un morceau cylindrique et tout en longueur dans lequel sont découpés les chateaubriands et les tournedos. Le filet peut être aussi rôti.Produit biologique.,,"Le filet de boeuf se conserve, au réfrigérateur dans sa partie la plus froide, de 2 à 3 jours dans son emballage d'origine, papier parchemin du boucher ou barquette.",,0.500,,Roti dans filet de bœuf,Le filet à griller est le morceau le plus tendre du bœuf. C’est un morceau cylindrique et tout en longueur dans lequel sont découpés les chateaubriands et les tournedos. Le filet peut être aussi rôti.Produit biologique.,,"re::^CDV17-VR,MPB17-FSE-1005,re::^MPB17-ARO",
,DAN17-BOE-002,2,Tranche de faux filet à griller,Activé,0,kg,32.90 €,1 tranche de faux-filet de 250g environ,0.250,1,8.23 €,32.9 €/kg,5,0.2,6.24 €,fauxfilet.jpg,fauxfilet.jpg,fauxfilet.jpg,Tranche de faux filet à griller,Tranche de faux filet à griller,Tranche de faux filet à griller,apdc_batignolles,"admin,batignolles",apdc_batignolles,Boucherie Dandelion,Boeuf Bio,,Boucher/Boucherie Dandelion/Boeuf Bio;;Boucher/Boucherie Dandelion/Tous,,Toute l'année,,,France,,AB,"Le faux-filet à griller est un morceau tendre et savoureux. Il se situe contre le filet dont il se distingue cependant par sa forme, sa texture et sa tendreté mais aussi par son goût, tous proches de ceux de l’entrecôte qu’il jouxte également.Produit biologique.","Le faux-filet se conserve, dans le papier du boucher, 2 à 3 jours au réfrigérateur dans sa partie la plus froide. Penser à toujours sortir la viande du réfrigérateur quelques heures avant de la faire cuire. Remise à température ambiante, elle ne sera pas agressée, à la cuisson, par un trop fort écart de température.",,,0.250,,Tranche de faux filet à griller,"Le faux-filet à griller est un morceau tendre et savoureux. Il se situe contre le filet dont il se distingue cependant par sa forme, sa texture et sa tendreté mais aussi par son goût, tous proches de ceux de l’entrecôte qu’il jouxte également.Produit biologique.",,"re::^CDV17-VR,MPB17-FSE-1005,re::^MPB17-ARO",
,DAN17-BOE-003,3,Tranche de rumsteack à griller,Activé,0,kg,32.90 €,1 tranche de 180g environ,0.180,1,5.92 €,32.9 €/kg,5,0.2,4.49 €,rumsteak.jpg,rumsteak.jpg,rumsteak.jpg,Tranche de rumsteack à griller,Tranche de rumsteack à griller,Tranche de rumsteack à griller,apdc_batignolles,"admin,batignolles",apdc_batignolles,Boucherie Dandelion,Boeuf Bio,,Boucher/Boucherie Dandelion/Boeuf Bio;;Boucher/Boucherie Dandelion/Tous,,Toute l'année,,,France,,AB,"Le Rumsteck à griller est une viande à fibres courtes, tendre et très savoureuse. De l’anglais rump (croupe) et steak (tranche de grillade), c’est un morceau assez large qui forme le haut de la cuisse dans lequel sont découpés des pavés, des tranches ou des pièces dénommés « en tournedos ».Produit biologique.",,,,0.180,,Tranche de rumsteack à griller,"Le Rumsteck à griller est une viande à fibres courtes, tendre et très savoureuse. De l’anglais rump (croupe) et steak (tranche de grillade), c’est un morceau assez large qui forme le haut de la cuisse dans lequel sont découpés des pavés, des tranches ou des pièces dénommés « en tournedos ».Produit b",,"re::^CDV17-VR,MPB17-FSE-1005,re::^MPB17-ARO",
,DAN17-BOE-004,4,Entrecote,Activé,1,kg,34.90 €,1 entrecôte de 250g environ,0.250,1,8.73 €,34.9 €/kg,5,0.2,6.62 €,entrecote.jpg,entrecote.jpg,entrecote.jpg,Entrecote,Entrecote,Entrecote,apdc_batignolles,"admin,batignolles",apdc_batignolles,Boucherie Dandelion,Boeuf Bio,,Boucher/Boucherie Dandelion/Boeuf Bio;;Boucher/Boucherie Dandelion/Tous,,Toute l'année,,,France,,AB,"L’entrecôte et la côte de bœuf sont issues du même morceau, le milieu de train de côtes. Elle n'est pas ,comme son nom l’indique, découpée entre deux côtes : c’est une côte de bœuf désossée.Produit biologique.","Penser à toujours les sortir du réfrigérateur 2 à 3 heures avant de les faire cuire, pour les mettre à température ambiante : elles ne seront pas agressées par un trop fort écart de température au moment de la cuisson. Les bouchers conseillent même jusqu’à 7 heures de remise à température.","L’entrecôte et la côte de bœuf se conservent, dans le papier boucher, 3 jours au réfrigérateur dans sa partie la plus froide.",,0.250,,Entrecote,"L’entrecôte et la côte de bœuf sont issues du même morceau, le milieu de train de côtes. Elle n'est pas ,comme son nom l’indique, découpée entre deux côtes : c’est une côte de bœuf désossée.Produit biologique.",,"re::^CDV17-VR,MPB17-FSE-1005,re::^MPB17-ARO",
,DAN17-BOE-005,5,Cote de boeuf,Activé,0,kg,32.90 €,"1 côte de bœuf de 1,2kg environ",1.200,1,39.48 €,32.9 €/kg,5,0.2,29.94 €,cote_de_boeuf.jpg,cote_de_boeuf.jpg,cote_de_boeuf.jpg,Cote de boeuf,Cote de boeuf,Cote de boeuf,apdc_batignolles,"admin,batignolles",apdc_batignolles,Boucherie Dandelion,Boeuf Bio,,Boucher/Boucherie Dandelion/Boeuf Bio;;Boucher/Boucherie Dandelion/Tous,,Toute l'année,,,France,,AB,"Reine des barbecues, savoureuse à souhait, la côte est l’un des meilleurs morceaux de bœuf à griller.Produit biologique.","Le tranchage se fait à table car c’est un vrai cérémonial : après avoir enlevé l’os, la viande se tranche de droite à gauche et en biseau. La côte de bœuf  ne nécessite aucun autre apprêt que de la fleur de sel et du poivre du moulin. 
Penser à toujours les sortir du réfrigérateur 2 à 3 heures avant de les faire cuire, pour les mettre à température ambiante : elles ne seront pas agressées par un trop fort écart de température au moment de la cuisson. Les bouchers conseillent même jusqu’à 7 heures de remise à température.","L’entrecôte et la côte de bœuf se conservent, dans le papier boucher, 3 jours au réfrigérateur dans sa partie la plus froide.",,1.200,,Cote de boeuf,"Reine des barbecues, savoureuse à souhait, la côte est l’un des meilleurs morceaux de bœuf à griller.Produit biologique.",,"re::^CDV17-VR,MPB17-FSE-1005,re::^MPB17-ARO",
,DAN17-BOE-006,6,Basse côte à griller,Activé,0,kg,29.90 €,1 cote de 200g environ,0.200,1,5.98 €,29.9 €/kg,5,0.2,4.53 €,BDM17-bassecotedeboeuf.jpg,BDM17-bassecotedeboeuf.jpg,BDM17-bassecotedeboeuf.jpg,Basse côte à griller,Basse côte à griller,Basse côte à griller,apdc_batignolles,"admin,batignolles",apdc_batignolles,Boucherie Dandelion,Boeuf Bio,,Boucher/Boucherie Dandelion/Boeuf Bio;;Boucher/Boucherie Dandelion/Tous,,Toute l'année,,,France,,AB,Les basses-côtes sont des pièces de viande persillée qui font d’excellentes grillades à savourer « saignant » ou « à point » selon les goûts. Elle fait également d’excellents ragoûts.Produit biologique.,A bouillir ou à braiser,Les basses côtes se conservent deux à trois jours au réfrigérateur dans sa partie la plus froide.,,0.200,,Basse côte à griller,Les basses-côtes sont des pièces de viande persillée qui font d’excellentes grillades à savourer « saignant » ou « à point » selon les goûts. Elle fait également d’excellents ragoûts.Produit biologique.,,"re::^CDV17-VR,MPB17-FSE-1005,re::^MPB17-ARO",
,DAN17-BOE-007,7,Tournedos filet,Activé,1,kg,59.90 €,1 tournedos de 150g environ,0.150,1,8.99 €,59.9 €/kg,5,0.2,6.81 €,tournedos_boeuf.jpg,tournedos_boeuf.jpg,tournedos_boeuf.jpg,Tournedos filet,Tournedos filet,Tournedos filet,apdc_batignolles,"admin,batignolles",apdc_batignolles,Boucherie Dandelion,Boeuf Bio,,Boucher/Boucherie Dandelion/Boeuf Bio;;Boucher/Boucherie Dandelion/Tous,,Toute l'année,,,France,,AB,Produit biologique.,"Le Tournedos est une pièce de viande très tendre, bardée et ficelée d’environ 2 cm d’épaisseur, uniquement coupée dans le filet.",,,0.150,,Tournedos filet,Produit biologique.,,"re::^CDV17-VR,MPB17-FSE-1005,re::^MPB17-ARO",
,DAN17-BOE-008,8,Rumsteck façon Tournedos,Activé,0,kg,33.90 €,1 tranche de Rumsteak de 150g environ,0.150,1,5.09 €,33.9 €/kg,5,0.2,3.86 €,tournedos_boeuf.jpg,tournedos_boeuf.jpg,tournedos_boeuf.jpg,Rumsteck façon Tournedos,Rumsteck façon Tournedos,Rumsteck façon Tournedos,apdc_batignolles,"admin,batignolles",apdc_batignolles,Boucherie Dandelion,Boeuf Bio,,Boucher/Boucherie Dandelion/Boeuf Bio;;Boucher/Boucherie Dandelion/Tous,,Toute l'année,,,France,,AB,Produit biologique.,"Le rumsteck façon Tournedos est préparé de la même façon qu'un tournedos mais ne peut porter le même nom, car ce dernier est limité au filet.",,,0.150,,Rumsteck façon Tournedos,Produit biologique.,,"re::^CDV17-VR,MPB17-FSE-1005,re::^MPB17-ARO",
,DAN17-BOE-009,9,Rosbif à l'ancienne,Activé,0,kg,33.90 €,1 rôti de 500g environ,0.500,1,16.95 €,33.9 €/kg,5,0.2,12.85 €,roti_rumsteak.jpg,roti_rumsteak.jpg,roti_rumsteak.jpg,Rosbif à l'ancienne,Rosbif à l'ancienne,Rosbif à l'ancienne,apdc_batignolles,"admin,batignolles",apdc_batignolles,Boucherie Dandelion,Boeuf Bio,,Boucher/Boucherie Dandelion/Boeuf Bio;;Boucher/Boucherie Dandelion/Tous,,Toute l'année,,,France,,AB,"Le rosbif à l'ancienne est un rosbif préparé avec de la barde de boeuf, et non pas de porc. C'est un morceau destiné à être roti pour que le tour de la viande soit cuit à point tandis que la partie centrale reste saignante ou rosée.Produit biologique.",,,,0.500,,Rosbif à l'ancienne,"Le rosbif à l'ancienne est un rosbif préparé avec de la barde de boeuf, et non pas de porc. C'est un morceau destiné à être roti pour que le tour de la viande soit cuit à point tandis que la partie centrale reste saignante ou rosée.Produit biologique.",,"re::^CDV17-VR,MPB17-FSE-1005,re::^MPB17-ARO",
,DAN17-BOE-010,10,Rosbif,Activé,0,kg,32.90 €,1 rôti de 500g environ,0.500,1,16.45 €,32.9 €/kg,5,0.2,12.47 €,roti_rumsteak.jpg,roti_rumsteak.jpg,roti_rumsteak.jpg,Rosbif,Rosbif,Rosbif,apdc_batignolles,"admin,batignolles",apdc_batignolles,Boucherie Dandelion,Boeuf Bio,,Boucher/Boucherie Dandelion/Boeuf Bio;;Boucher/Boucherie Dandelion/Tous,,Toute l'année,,,France,,AB,Le rosbif est un rosbif préparé avec de la barde de porc. C'est un morceau destiné à être roti pour que le tour de la viande soit cuit à point tandis que la partie centrale reste saignante ou roséProduit biologique.,,,,0.500,,Rosbif,Le rosbif est un rosbif préparé avec de la barde de porc. C'est un morceau destiné à être roti pour que le tour de la viande soit cuit à point tandis que la partie centrale reste saignante ou roséProduit biologique.,,"re::^CDV17-VR,MPB17-FSE-1005,re::^MPB17-ARO",
,DAN17-BOE-011,11,Bifteck bavette,Activé,0,kg,32.90 €,1 bifteck de 150g environ,0.150,1,4.94 €,32.9 €/kg,5,0.2,3.74 €,bavette_aloyau.jpg,bavette_aloyau.jpg,bavette_aloyau.jpg,Bifteck bavette,Bifteck bavette,Bifteck bavette,apdc_batignolles,"admin,batignolles",apdc_batignolles,Boucherie Dandelion,Boeuf Bio,,Boucher/Boucherie Dandelion/Boeuf Bio;;Boucher/Boucherie Dandelion/Tous,,Toute l'année,,,France,,AB,"La bavette se caractérise par ses fibres longues et peu serrées et sa saveur incomparable. Juteuse, savoureuse et facile à préparer: cette bavette est un standard de la cuisine traditionnelle.Produit biologique.","Il aime toutes les cuissons, de « bleu » à « à point », se sert nature ou arrosé d’un beurre fondu, accompagné d’une sauce traditionnelle ou venue d’ailleurs, tous les choix sont permis.","Un bifteck se conserve de deux à trois jours au réfrigérateur, dans sa partie la plus froide.",,0.150,,Bifteck bavette,"La bavette se caractérise par ses fibres longues et peu serrées et sa saveur incomparable. Juteuse, savoureuse et facile à préparer: cette bavette est un standard de la cuisine traditionnelle.Produit biologique.",,"re::^CDV17-VR,MPB17-FSE-1005,re::^MPB17-ARO",
,DAN17-BOE-024,24,Brochette de boeuf,0,0,kg,30.90 €,1 brochette de 200g environ,0.200,1,6.18 €,30.9 €/kg,5,0.2,4.69 €,BDM17-bbrochetteboeuf.jpg,BDM17-bbrochetteboeuf.jpg,BDM17-bbrochetteboeuf.jpg,Brochette de boeuf,Brochette de boeuf,Brochette de boeuf,petitcommis_batignolles,,,Boucherie Dandelion,Boeuf Bio,,Boucher/Boucherie Dandelion/Boeuf Bio;;Boucher/Boucherie Dandelion/Tous,,Toute l'année,,,France,,AB,,,,,0.200,,Brochette de boeuf,,,re::^CDV17-VR,
,DAN17-BOE-027,27,Jumeau,0,0,kg,21.90 €,1 portion de 200g,0.200,1,4.38 €,21.9 €/kg,5,0.2,3.32 €,BDM17-jumeauboeuf.jpg,BDM17-jumeauboeuf.jpg,BDM17-jumeauboeuf.jpg,Jumeau,Jumeau,Jumeau,petitcommis_batignolles,,,Boucherie Dandelion,Boeuf Bio,,Boucher/Boucherie Dandelion/Boeuf Bio;;Boucher/Boucherie Dandelion/Tous,,Toute l'année,,,France,,AB,,,,,0.200,,Jumeau,,,re::^CDV17-VR,
,DAN17-BOE-028,28,Macreuse,0,0,kg,21.90 €,1 portion de 1kg environ,1.000,1,21.90 €,21.9 €/kg,5,0.2,16.61 €,BDM17-macreuseboeuf.jpg,BDM17-macreuseboeuf.jpg,BDM17-macreuseboeuf.jpg,Macreuse,Macreuse,Macreuse,petitcommis_batignolles,,,Boucherie Dandelion,Boeuf Bio,,Boucher/Boucherie Dandelion/Boeuf Bio;;Boucher/Boucherie Dandelion/Tous,,Toute l'année,,,France,,AB,"La macreuse à bifteck, dite aussi noix ou boule de macreuse. C'est une viande rouge foncée assez maigre, divisée en deux par un nerf central. Elle se sert en bifteck, en tranche à rôtir ou en brochette.",,La viande de bœuf ne se conserve pas plus de deux ou trois jours au réfrigérateur.,,1.000,,Macreuse,"La macreuse à bifteck, dite aussi noix ou boule de macreuse. C'est une viande rouge foncée assez maigre, divisée en deux par un nerf central. Elle se sert en bifteck, en tranche à rôtir ou en brochette.",,re::^CDV17-VR,
,DAN17-BOE-012,12,Bifteck Poire/Merlan,Activé,0,kg,34.90 €,1 tranche de 150g environ,0.150,1,5.24 €,34.9 €/kg,5,0.2,3.97 €,BDM17-bifteckpoire.jpg,BDM17-bifteckpoire.jpg,BDM17-bifteckpoire.jpg,Bifteck Poire/Merlan,Bifteck Poire/Merlan,Bifteck Poire/Merlan,apdc_batignolles,"admin,batignolles",apdc_batignolles,Boucherie Dandelion,Boeuf Bio,,Boucher/Boucherie Dandelion/Boeuf Bio;;Boucher/Boucherie Dandelion/Tous,,Toute l'année,,,France,,AB,"Le steak ou bifteck est une pièce de viande peu épaisse, très tendre, à fibres courtes ou longues, et toujours savoureuse. Parmi les pièces du boucher, ce steak de poire est particulièrement tendre: un excellent steak réservé aux connaisseurs.Produit biologique.","Il aime toutes les cuissons, de « bleu » à « à point », se sert nature ou arrosé d’un beurre fondu, accompagné d’une sauce traditionnelle ou venue d’ailleurs, tous les choix sont permis.","Un bifteck se conserve de deux à trois jours au réfrigérateur, dans sa partie la plus froide.",,0.150,,Bifteck Poire/Merlan,"Le steak ou bifteck est une pièce de viande peu épaisse, très tendre, à fibres courtes ou longues, et toujours savoureuse. Parmi les pièces du boucher, ce steak de poire est particulièrement tendre: un excellent steak réservé aux connaisseurs.Produit biologique.",,"re::^CDV17-VR,MPB17-FSE-1005,re::^MPB17-ARO",
,DAN17-BOE-013,13,Bifteck Haché,Activé,0,kg,16.90 €,1 steak de 150g environ,0.150,1,2.54 €,16.9 €/kg,5,0.2,1.92 €,steak_hache.jpg,steak_hache.jpg,steak_hache.jpg,Bifteck Haché,Bifteck Haché,Bifteck Haché,apdc_batignolles,"admin,batignolles",apdc_batignolles,Boucherie Dandelion,Boeuf Bio,,Boucher/Boucherie Dandelion/Boeuf Bio;;Boucher/Boucherie Dandelion/Tous,,Toute l'année,,,France,,AB,Produit biologique.,,,,0.150,,Bifteck Haché,Produit biologique.,,"re::^CDV17-VR,MPB17-FSE-1005,re::^MPB17-ARO",
,DAN17-BOE-014,14,Tartare de boeuf,Activé,0,kg,19.90 €,1 tartare de 150g environ,0.150,1,2.99 €,19.9 €/kg,5,0.2,2.26 €,tartare.jpg,tartare.jpg,tartare.jpg,Tartare de boeuf,Tartare de boeuf,Tartare de boeuf,apdc_batignolles,"admin,batignolles",apdc_batignolles,Boucherie Dandelion,Boeuf Bio,,Boucher/Boucherie Dandelion/Boeuf Bio;;Boucher/Boucherie Dandelion/Tous,,Toute l'année,,,France,,AB,Produit biologique.,,,,0.150,,Tartare de boeuf,Produit biologique.,,"re::^CDV17-VR,MPB17-FSE-1005,re::^MPB17-ARO",
,DAN17-BOE-015,15,Préparation pour bourguignon (gite),Activé,0,kg,16.90 €,1 ensemble de 500g environ,0.500,1,8.45 €,16.9 €/kg,5,0.2,6.41 €,bourguignon.jpg,bourguignon.jpg,bourguignon.jpg,Préparation pour bourguignon (gite),Préparation pour bourguignon (gite),Préparation pour bourguignon (gite),apdc_batignolles,"admin,batignolles",apdc_batignolles,Boucherie Dandelion,Boeuf Bio,,Boucher/Boucherie Dandelion/Boeuf Bio;;Boucher/Boucherie Dandelion/Tous,Oui|Non,Toute l'année,,,France,,AB,"La gîte est ici détaillée pour la préparation du boeuf bourguignon. Le nom de ce morceau gélatineux vient du verbe ""gésir"", qui signifie être couché en vieux français, car les muscles du jarret touchent le sol quand l’animal se couche.Produit biologique.",,,,0.500,,Préparation pour bourguignon (gite),"La gîte est ici détaillée pour la préparation du boeuf bourguignon. Le nom de ce morceau gélatineux vient du verbe ""gésir"", qui signifie être couché en vieux français, car les muscles du jarret touchent le sol quand l’animal se couche.Produit biologique.",,"re::^CDV17-VR,MPB17-FSE-1005,re::^MPB17-ARO",
,DAN17-BOE-016,16,Plat de côtes non desossé,Activé,0,kg,9.90 €,1 portion de 300g environ,0.300,1,2.97 €,9.9 €/kg,5,0.2,2.25 €,BDM17-platdecote.jpg,BDM17-platdecote.jpg,BDM17-platdecote.jpg,Plat de côtes non desossé,Plat de côtes non desossé,Plat de côtes non desossé,apdc_batignolles,"admin,batignolles",apdc_batignolles,Boucherie Dandelion,Boeuf Bio,,Boucher/Boucherie Dandelion/Boeuf Bio;;Boucher/Boucherie Dandelion/Tous,,Toute l'année,,,France,,AB,"Le plat-de-côtes est une viande à fibres longues. Situé à l'extrémité des os des côtes, le plat-de-côtes est formé d'un ensemble de 13 côtes qui se présentent comme un panneau.
Le plat-de-côtes est une viande savoureuse parce qu'elle est située prés des os.Produit biologique.","Il est excellent bouilli et servi chaud. Tiède ou froid et effiloché, il permet de préparer de délicieuses salades composées.","Le plat-de-côtes ne se conserve pas plus de deux jours au réfrigérateur,dans sa partie la plus froide.",,0.300,,Plat de côtes non desossé,"Le plat-de-côtes est une viande à fibres longues. Situé à l'extrémité des os des côtes, le plat-de-côtes est formé d'un ensemble de 13 côtes qui se présentent comme un panneau.
Le plat-de-côtes est une viande savoureuse parce qu'elle est située prés des os.Produit biologique.",,"re::^CDV17-VR,MPB17-FSE-1005,re::^MPB17-ARO",
,DAN17-BOE-017,17,Jarret de boeuf sans os,Activé,0,kg,16.90 €,1 portion de 500g environ,0.500,1,8.45 €,16.9 €/kg,5,0.2,6.41 €,BDM17-giteboeuf.jpg,BDM17-giteboeuf.jpg,BDM17-giteboeuf.jpg,Jarret de boeuf sans os,Jarret de boeuf sans os,Jarret de boeuf sans os,apdc_batignolles,"admin,batignolles",apdc_batignolles,Boucherie Dandelion,Boeuf Bio,,Boucher/Boucherie Dandelion/Boeuf Bio;;Boucher/Boucherie Dandelion/Tous,Oui|Non,Toute l'année,,,France,,AB,"Appelé aussi gîte arrière, il est doté d'un os à moelle, et est principalement destiné au pot au feu,  Désossé, il est aussi utilisé dans le boeuf mode, le bourguignon, les daubes ou autres ragout et paré en bifsteck.Produit biologique.","Chaque région a sa recette de daube, la Provence étant la plus connue avec ses variantes comme la daube du gardian. Cuisiné en tranches épaisses et mijoté longuement avec des épices et des condiments, il s’accompagne de légumes frais ou secs comme les lentilles.",,,0.500,,Jarret de boeuf sans os,"Appelé aussi gîte arrière, il est doté d'un os à moelle, et est principalement destiné au pot au feu,  Désossé, il est aussi utilisé dans le boeuf mode, le bourguignon, les daubes ou autres ragout et paré en bifsteck.Produit biologique.",,"re::^CDV17-VR,MPB17-FSE-1005,re::^MPB17-ARO",
,DAN17-BOE-018,18,Paleron,Activé,0,kg,21.90 €,1 portion de 500g environ,0.500,1,10.95 €,21.9 €/kg,5,0.2,8.30 €,BDM17-paleron.jpg,BDM17-paleron.jpg,BDM17-paleron.jpg,Paleron,Paleron,Paleron,apdc_batignolles,"admin,batignolles",apdc_batignolles,Boucherie Dandelion,Boeuf Bio,,Boucher/Boucherie Dandelion/Boeuf Bio;;Boucher/Boucherie Dandelion/Tous,,Toute l'année,,,France,,AB,"Le paleron est reconnaissable à sa forme charnue et à la bande gélatineuse qui le traverse ; en fondant sous l’effet de la cuisson, elle « nourrit » la viande et la rend fondante.Produit biologique.",C'est un morceau qui nécessite une cuisson longue et douce pour exprimer un moelleux incomparable. Il se cuisine seul ou accompagné de légumes comme les carottes.,C'est entre 0 et +3°C que la viande se conserve le mieux. Proscrire les boîtes hermétiques en plastique et le papier d'aluminium. Préférer un papier paraffiné qui empêche le dessèchement tout en laissant circuler l'air.,,0.500,,Paleron,"Le paleron est reconnaissable à sa forme charnue et à la bande gélatineuse qui le traverse ; en fondant sous l’effet de la cuisson, elle « nourrit » la viande et la rend fondante.Produit biologique.",,"re::^CDV17-VR,MPB17-FSE-1005,re::^MPB17-ARO",
,DAN17-BOE-019,19,Onglet,Activé,0,kg,34.90 €,1 tranche de 150g environ,0.150,1,5.24 €,34.9 €/kg,5,0.2,3.97 €,BDM17-bifteckonglet.jpg,BDM17-bifteckonglet.jpg,BDM17-bifteckonglet.jpg,Onglet,Onglet,Onglet,apdc_batignolles,"admin,batignolles",apdc_batignolles,Boucherie Dandelion,Boeuf Bio,,Boucher/Boucherie Dandelion/Boeuf Bio;;Boucher/Boucherie Dandelion/Tous,,Toute l'année,,,France,,AB,"L’onglet une viande à fibres longues, de caractère, tendre et très gouteuse, particulièrement appréciée des amateurs. La hampe et l’onglet font partie de ce que l’on appelle communément les ""morceaux du boucher"", car ils sont difficiles à détailler : ils sont présents en quantité restreinte sur l’animal, et nécessitent un travail important de la part du boucher qui doit user de patience pour les préparer.Produit biologique.","Servi nature, saignant, juste salé et poivré, il exprime toutes ses saveurs. Servi « façon bistrot » avec une tombée d’échalotes, il se donne un petit air musclé.","La hampe et l’onglet, comme tout bifteck, se conserveront deux à trois jours au réfrigérateur.",,0.150,,Onglet,"L’onglet une viande à fibres longues, de caractère, tendre et très gouteuse, particulièrement appréciée des amateurs. La hampe et l’onglet font partie de ce que l’on appelle communément les ""morceaux du boucher"", car ils sont difficiles à détailler : ils sont présents en quantité restreinte sur l’an",,"re::^CDV17-VR,MPB17-FSE-1005,re::^MPB17-ARO",
,DAN17-BOE-020,20,Queue de boeuf,Activé,0,kg,21.90 €,1 portion de 450g,0.450,1,9.86 €,21.9 €/kg,5,0.2,7.47 €,BDM17-queueboeuf.jpg,BDM17-queueboeuf.jpg,BDM17-queueboeuf.jpg,Queue de boeuf,Queue de boeuf,Queue de boeuf,apdc_batignolles,"admin,batignolles",apdc_batignolles,Boucherie Dandelion,Boeuf Bio,,Boucher/Boucherie Dandelion/Boeuf Bio;;Boucher/Boucherie Dandelion/Tous,,Toute l'année,,,France,,AB,La queue de bœuf est un morceau très savoureux qui réapparaît sur les tables ces dernières années.Produit biologique.,"Confite, en gelée, en terrines ou en salades, elle doit cuire longuement et doucement pour se détacher de ses os et exprimer tout son fondant.",,,0.450,,Queue de boeuf,La queue de bœuf est un morceau très savoureux qui réapparaît sur les tables ces dernières années.Produit biologique.,,"re::^CDV17-VR,MPB17-FSE-1005,re::^MPB17-ARO",
,DAN17-BOE-021,21,Joue de boeuf,Activé,0,kg,22.80 €,1 portion de 500g environ,0.500,1,11.40 €,22.8 €/kg,5,0.2,8.64 €,BDM17-joueboeuf.jpg,BDM17-joueboeuf.jpg,BDM17-joueboeuf.jpg,Joue de boeuf,Joue de boeuf,Joue de boeuf,apdc_batignolles,"admin,batignolles",apdc_batignolles,Boucherie Dandelion,Boeuf Bio,,Boucher/Boucherie Dandelion/Boeuf Bio;;Boucher/Boucherie Dandelion/Tous,,Toute l'année,,,France,,AB,La joue de bœuf est un morceau très savoureux et très goûteux qui demande une cuisson prolongée à feu doux.Produit biologique.,Elle peut être mise à reposer toute une nuit dans une marinade longue à base de vin et d’épices qui servira ensuite à la cuisson.,,,0.500,,Joue de boeuf,La joue de bœuf est un morceau très savoureux et très goûteux qui demande une cuisson prolongée à feu doux.Produit biologique.,,"re::^CDV17-VR,MPB17-FSE-1005,re::^MPB17-ARO",
,DAN17-BOE-022,22,Carpaccio,Activé,0,pièce,4.50 €,La portion de 140g environ,0.140,1,4.50 €,4.5 €/pièce,5,0.2,3.41 €,BDM17-carpaccio.jpg,BDM17-carpaccio.jpg,BDM17-carpaccio.jpg,Carpaccio,Carpaccio,Carpaccio,apdc_batignolles,"admin,batignolles",apdc_batignolles,Boucherie Dandelion,Boeuf Bio,,Boucher/Boucherie Dandelion/Boeuf Bio;;Boucher/Boucherie Dandelion/Tous,,Toute l'année,,,France,,AB,Produit biologique.,,,,0.140,,Carpaccio,Produit biologique.,,"re::^CDV17-VR,MPB17-FSE-1005,re::^MPB17-ARO",
,DAN17-BOE-023,23,Hampe,Activé,0,kg,29.90 €,1 tranche de 150g environ,0.150,1,4.49 €,29.9 €/kg,5,0.2,3.40 €,BDM17-bifteckhampe.jpg,BDM17-bifteckhampe.jpg,BDM17-bifteckhampe.jpg,Hampe,Hampe,Hampe,apdc_batignolles,"admin,batignolles",apdc_batignolles,Boucherie Dandelion,Boeuf Bio,,Boucher/Boucherie Dandelion/Boeuf Bio;;Boucher/Boucherie Dandelion/Tous,,Toute l'année,,,France,,AB,"La hampe est une viande très goûteuse reconnaissable à ses fibres longues et très apparentes. La hampe et l’onglet font partie de ce que l’on appelle communément les ""morceaux du boucher"", car ils sont difficiles à détailler : ils sont présents en quantité restreinte sur l’animal, et nécessitent un travail important de la part du boucher qui doit user de patience pour les préparer.Produit biologique.","Les amateurs la préfèrent saignante, une cuisson qui permet d’apprécier toutes ses qualités gustatives, et notamment sa jutosité et sa consistance en bouche très caractéristiques.","La hampe et l’onglet, comme tout bifteck, se conserveront deux à trois jours au réfrigérateur.",,0.150,,Hampe,"La hampe est une viande très goûteuse reconnaissable à ses fibres longues et très apparentes. La hampe et l’onglet font partie de ce que l’on appelle communément les ""morceaux du boucher"", car ils sont difficiles à détailler : ils sont présents en quantité restreinte sur l’animal, et nécessitent un ",,"re::^CDV17-VR,MPB17-FSE-1005,re::^MPB17-ARO",
,DAN17-BOE-025,25,Araignée,Activé,0,kg,32.90 €,1 tranche de 140g environ,0.140,1,4.61 €,32.9 €/kg,5,0.2,3.49 €,BDM17-araigneeboeuf.jpg,BDM17-araigneeboeuf.jpg,BDM17-araigneeboeuf.jpg,Araignée,Araignée,Araignée,apdc_batignolles,"admin,batignolles",apdc_batignolles,Boucherie Dandelion,Boeuf Bio,,Boucher/Boucherie Dandelion/Boeuf Bio;;Boucher/Boucherie Dandelion/Tous,,Toute l'année,,,France,,AB,"Morceau de la tranche, l’araignée est de forme très irrégulière, dont les fibres musculaires ressemblent aux pattes d’une araignée.Produit biologique.","Il aime toutes les cuissons, de « bleu » à « à point », se sert nature ou arrosé d’un beurre fondu, accompagné d’une sauce traditionnelle ou venue d’ailleurs, tous les choix sont permis.","Un bifteck se conserve de deux à trois jours au réfrigérateur, dans sa partie la plus froide.",,0.140,,Araignée,"Morceau de la tranche, l’araignée est de forme très irrégulière, dont les fibres musculaires ressemblent aux pattes d’une araignée.Produit biologique.",,"re::^CDV17-VR,MPB17-FSE-1005,re::^MPB17-ARO",
,DAN17-BOE-026,26,Rôti coeur de rumsteack,Activé,0,kg,39.90 €,1 rôti de 1kg environ,1.000,1,39.90 €,39.9 €/kg,5,0.2,30.26 €,roti_rumsteak.jpg,roti_rumsteak.jpg,roti_rumsteak.jpg,Rôti coeur de rumsteack,Rôti coeur de rumsteack,Rôti coeur de rumsteack,apdc_batignolles,"admin,batignolles",apdc_batignolles,Boucherie Dandelion,Boeuf Bio,,Boucher/Boucherie Dandelion/Boeuf Bio;;Boucher/Boucherie Dandelion/Tous,,Toute l'année,,,France,,AB,"Le rosbif taillé dans le rumsteak est un rôti de qualité, tendre et fondant.Produit biologique.","Bardé et ficelé, il peut être saisi et coloré dans son plat de cuisson ou dans une poêle avant d’être mis au four. Le temps de cuisson dépend de sa forme et de son poids. Sortir la viande au moins ½ heure voire 1 heure du réfrigérateur avant la cuisson.",,,1.000,,Rôti coeur de rumsteack,"Le rosbif taillé dans le rumsteak est un rôti de qualité, tendre et fondant.Produit biologique.",,"re::^CDV17-VR,MPB17-FSE-1005,re::^MPB17-ARO",
,DAN17-BOE-027,26,Steack coeur de rumsteack,Activé,0,kg,39.90 €,1 tranche de 120g environ,0.120,1,4.79 €,39.9 €/kg,5,0.2,3.63 €,rumsteak.jpg,rumsteak.jpg,rumsteak.jpg,Steack coeur de rumsteack,Steack coeur de rumsteack,Steack coeur de rumsteack,apdc_batignolles,"admin,batignolles",apdc_batignolles,Boucherie Dandelion,Boeuf Bio,,Boucher/Boucherie Dandelion/Boeuf Bio;;Boucher/Boucherie Dandelion/Tous,,Toute l'année,,,France,,AB,"Le Rumsteck à griller est une viande à fibres courtes, tendre et très savoureuse. De l’anglais rump (croupe) et steak (tranche de grillade), c’est un morceau assez large qui forme le haut de la cuisse dans lequel sont découpés des pavés, des tranches ou des pièces dénommés « en tournedos ».Produit biologique.",,,,0.120,,Steack coeur de rumsteack,"Le Rumsteck à griller est une viande à fibres courtes, tendre et très savoureuse. De l’anglais rump (croupe) et steak (tranche de grillade), c’est un morceau assez large qui forme le haut de la cuisse dans lequel sont découpés des pavés, des tranches ou des pièces dénommés « en tournedos ».Produit b",,"re::^CDV17-VR,MPB17-FSE-1005,re::^MPB17-ARO",
,DAN17-VEA-101,101,Escalope de veau,Activé,0,kg,39.90 €,1 escalope de 120g environ,0.120,1,4.79 €,39.9 €/kg,5,0.2,3.63 €,escalope_veau.jpg,escalope_veau.jpg,escalope_veau.jpg,Escalope de veau,Escalope de veau,Escalope de veau,apdc_batignolles,"admin,batignolles",apdc_batignolles,Boucherie Dandelion,Veau Bio,,Boucher/Boucherie Dandelion/Veau Bio;;Boucher/Boucherie Dandelion/Tous,,Toute l'année,,,France,,AB,L’escalope est une pièce de veau peu épaisse à cuire à feu modéré pour préserver sa viande fine et savoureuse.Produit biologique.,"Elle se prépare de multiples façons, juste grillée ou poêlée et servie avec son jus de cuisson, panée ou accompagnée de sauces à base de crème, de fruits ou de légumes colorés.","La viande de veau se conserve 2 à 3 jours au réfrigérateur, dans sa partie la plus froide. Elle doit être sortie du réfrigérateur 1/2 h avant d'être cuite : une viande trop froide cuit mal.",,0.120,,Escalope de veau,L’escalope est une pièce de veau peu épaisse à cuire à feu modéré pour préserver sa viande fine et savoureuse.Produit biologique.,,"re::^CDV17-VRL,re::^MPB17-ARO",
,DAN17-VEA-102,102,Rôti de filet Mignon de veau,Activé,0,kg,52.90 €,1 portion de 500g,0.500,1,26.45 €,52.9 €/kg,5,0.2,20.06 €,DAN17-filetmignonveau.jpg,DAN17-filetmignonveau.jpg,DAN17-filetmignonveau.jpg,Rôti de filet Mignon de veau,Rôti de filet Mignon de veau,Rôti de filet Mignon de veau,apdc_batignolles,"admin,batignolles",apdc_batignolles,Boucherie Dandelion,Veau Bio,,Boucher/Boucherie Dandelion/Veau Bio;;Boucher/Boucherie Dandelion/Tous,,Toute l'année,,,France,,AB,Produit biologique.,"Le rôti : avec ou sans barde ? Pour les inconditionnels du rôti de veau bardé, éviter la barde de porc et lui préférer la graisse de veau, meilleure et mieux adaptée. Quelle que soit la barde choisie, la retirer avant la fin de la cuisson : la viande sera bien dorée, meilleure au goût et plus belle à l’oeil.","Ne jamais acheter un rôti trop petit. La viande est toujours trop sèche après la cuisson. De plus, un reste de rôti de veau froid s’accommode de nombreuses façons.",,0.500,,Rôti de filet Mignon de veau,Produit biologique.,,"re::^CDV17-VRL,re::^MPB17-ARO",
,DAN17-VEA-103,103,Rôti de quasi de veau,Activé,0,kg,34.90 €,1 rôti de 500g environ,0.500,1,17.45 €,34.9 €/kg,5,0.2,13.23 €,roti_quasi_veau.jpg,roti_quasi_veau.jpg,roti_quasi_veau.jpg,Rôti de quasi de veau,Rôti de quasi de veau,Rôti de quasi de veau,apdc_batignolles,"admin,batignolles",apdc_batignolles,Boucherie Dandelion,Veau Bio,,Boucher/Boucherie Dandelion/Veau Bio;;Boucher/Boucherie Dandelion/Tous,,Toute l'année,,,France,,AB,Produit biologique.,,,,0.500,,Rôti de quasi de veau,Produit biologique.,,"re::^CDV17-VRL,re::^MPB17-ARO",
,DAN17-VEA-105,105,Côte de veau,Activé,1,kg,29.90 €,1 côte de 180g environ,0.180,1,5.38 €,29.9 €/kg,5,0.2,4.08 €,cotes_veau.jpg,cotes_veau.jpg,cotes_veau.jpg,Côte de veau,Côte de veau,Côte de veau,apdc_batignolles,"admin,batignolles",apdc_batignolles,Boucherie Dandelion,Veau Bio,,Boucher/Boucherie Dandelion/Veau Bio;;Boucher/Boucherie Dandelion/Tous,,Toute l'année,,,France,,AB,"La côte offre une viande moelleuse et savoureuse. La côte filet est prise dans la longe dont on n’a retiré, ni le filet, ni les muscles de l’abdomen; elle est très large et convient aux gros appétits. Elle est reconnaissable à l’os en T qu’elle porte en son milieu.Produit biologique.","Elle se cuisine tout simplement, juste grillée ou poêlée à feu modéré pour préserver sa viande délicate ou accompagnée de sauces douces à base de crème, de moutarde ou de concentré de tomates, ou bien plus ou moins relevées d’épices ou de condiments. Elles doivent être sorties 1/2 heure avant d’être mises à cuire : une viande trop froide cuit mal.","Les côtes de veau se conservent, dans leur emballage, 2 à 3 jours au réfrigérateur, dans sa partie la plus froide.",,0.180,,Côte de veau,"La côte offre une viande moelleuse et savoureuse. La côte filet est prise dans la longe dont on n’a retiré, ni le filet, ni les muscles de l’abdomen; elle est très large et convient aux gros appétits. Elle est reconnaissable à l’os en T qu’elle porte en son milieu.Produit biologique.",,"re::^CDV17-VRL,re::^MPB17-ARO",
,DAN17-VEA-106,106,Tendron/Flanchet,Activé,0,kg,18.80 €,1 portion de 300g,0.300,1,5.64 €,18.8 €/kg,5,0.2,4.28 €,,,,Tendron/Flanchet,Tendron/Flanchet,Tendron/Flanchet,apdc_batignolles,"admin,batignolles",apdc_batignolles,Boucherie Dandelion,Veau Bio,,Boucher/Boucherie Dandelion/Veau Bio;;Boucher/Boucherie Dandelion/Tous,,Toute l'année,,,France,,AB,"La poitrine de veau est le muscle abdominal qui se situe en pointe des côtes. Elle est composée de trois parties : la poitrine (partie la plus épaisse est la plus riche en viande), tendron (entrelardé et cartilagineux) et flanchet (morceau le plus mince et long)Produit biologique.","Ces morceaux, riches en os et en graisse, doivent être cuits tels quels : ils seront beaucoup plus goûteux et moelleux. Le gras sera laissé sur le bord de l'assiette.","Penser à toujours sortir la viande une demie heure avant de la cuisiner. N'utiliser ni boîte hermétique, ni papier d'aluminium mais laisser la viande dans son emballage d'origine. Ces morceaux de veau peuvent se conserver trois jours au réfrigérateur dans sa partie la plus froide, un peu plus s'il posséde un tiroir conçu pour la viande.",,0.300,,Tendron/Flanchet,"La poitrine de veau est le muscle abdominal qui se situe en pointe des côtes. Elle est composée de trois parties : la poitrine (partie la plus épaisse est la plus riche en viande), tendron (entrelardé et cartilagineux) et flanchet (morceau le plus mince et long)Produit biologique.",,"re::^CDV17-VRL,re::^MPB17-ARO",
,DAN17-VEA-107,107,Blanquette sans os,Activé,0,kg,28.80 €,1 portion de 500g,0.500,1,14.40 €,28.8 €/kg,5,0.2,10.92 €,DAN17-blanquetteveau.jpg,DAN17-blanquetteveau.jpg,DAN17-blanquetteveau.jpg,Blanquette sans os,Blanquette sans os,Blanquette sans os,apdc_batignolles,"admin,batignolles",apdc_batignolles,Boucherie Dandelion,Veau Bio,,Boucher/Boucherie Dandelion/Veau Bio;;Boucher/Boucherie Dandelion/Tous,Oui|Non,Toute l'année,,,France,,AB,"La poitrine de veau est le muscle abdominal qui se situe en pointe des côtes. Elle est composée de trois parties : la poitrine (partie la plus épaisse est la plus riche en viande), tendron (entrelardé et cartilagineux) et flanchet (morceau le plus mince et long)Produit biologique.","Ces morceaux, riches en os et en graisse, doivent être cuits tels quels : ils seront beaucoup plus goûteux et moelleux. Le gras sera laissé sur le bord de l'assiette.","Penser à toujours sortir la viande une demie heure avant de la cuisiner. N'utiliser ni boîte hermétique, ni papier d'aluminium mais laisser la viande dans son emballage d'origine. Ces morceaux de veau peuvent se conserver trois jours au réfrigérateur dans sa partie la plus froide, un peu plus s'il posséde un tiroir conçu pour la viande.",,0.500,,Blanquette sans os,"La poitrine de veau est le muscle abdominal qui se situe en pointe des côtes. Elle est composée de trois parties : la poitrine (partie la plus épaisse est la plus riche en viande), tendron (entrelardé et cartilagineux) et flanchet (morceau le plus mince et long)Produit biologique.",,"re::^CDV17-VRL,re::^MPB17-ARO",
,DAN17-VEA-108,108,Epaule de veau,Activé,0,kg,29.80 €,1 épaule de 500g,0.500,1,14.90 €,29.8 €/kg,5,0.2,11.30 €,,,,Epaule de veau,Epaule de veau,Epaule de veau,apdc_batignolles,"admin,batignolles",apdc_batignolles,Boucherie Dandelion,Veau Bio,,Boucher/Boucherie Dandelion/Veau Bio;;Boucher/Boucherie Dandelion/Tous,,Toute l'année,,,France,,AB,"L’épaule de veau, membre antérieur du veau, est souvent présentée entiére à l’étal du boucher. Elle est vendue désossée ou non, suivant l’usage qu’on veut en faire. Elle se prête à toutes les cuissons : rôtie entière ou désossée, braisée, en blanquette, sautée…Produit biologique.",,"Si l’épaule convient très bien aux paupiettes, elle est cependant moins recommandée pour les escalopes. Pour les rôtis on peut acheter l’épaule entiére : cuite avec son os, elle est plus goûteuse. Il faut savoir que le côté palette est plus moelleux et moins sec.",,0.500,,Epaule de veau,"L’épaule de veau, membre antérieur du veau, est souvent présentée entiére à l’étal du boucher. Elle est vendue désossée ou non, suivant l’usage qu’on veut en faire. Elle se prête à toutes les cuissons : rôtie entière ou désossée, braisée, en blanquette, sautée…Produit biologique.",,"re::^CDV17-VRL,re::^MPB17-ARO",
,DAN17-VEA-109,109,Osso Bucco de veau,Activé,0,kg,29.90 €,1 tranche de 200g,0.200,1,5.98 €,29.9 €/kg,5,0.2,4.53 €,ossobuccoveau.jpg,ossobuccoveau.jpg,ossobuccoveau.jpg,Osso Bucco de veau,Osso Bucco de veau,Osso Bucco de veau,apdc_batignolles,"admin,batignolles",apdc_batignolles,Boucherie Dandelion,Veau Bio,,Boucher/Boucherie Dandelion/Veau Bio;;Boucher/Boucherie Dandelion/Tous,,Toute l'année,,,France,,AB,"L’osso buco se compose de tranches épaisses coupées dans les jarrets avant et arrière dont l’os, riche en moelle, parfume les plats en sauce.Produit biologique.","Traditionnellement servi avec des pâtes à la mode italienne, il se cuisine et se sert avec tous les légumes de saison.",,,0.200,,Osso Bucco de veau,"L’osso buco se compose de tranches épaisses coupées dans les jarrets avant et arrière dont l’os, riche en moelle, parfume les plats en sauce.Produit biologique.",,"re::^CDV17-VRL,re::^MPB17-ARO",
,DAN17-VEA-111,111,Foie de veau,Activé,0,kg,45.90 €,1 tranche de 150g environ,0.150,1,6.89 €,45.9 €/kg,5,0.2,5.22 €,foieveau.jpg,foieveau.jpg,foieveau.jpg,Foie de veau,Foie de veau,Foie de veau,apdc_batignolles,"admin,batignolles",apdc_batignolles,Boucherie Dandelion,Veau Bio,,Boucher/Boucherie Dandelion/Veau Bio;;Boucher/Boucherie Dandelion/Tous,,Commandez une semaine avant,,,France,,AB,Produit biologique.,,,,0.150,,Foie de veau,Produit biologique.,,"re::^CDV17-VRL,re::^MPB17-ARO",
,DAN17-VEA-112,112,Tournedos de veau,Activé,0,kg,39.90 €,1 tranche de 120g environ,0.120,1,4.79 €,39.9 €/kg,5,0.2,3.63 €,,,,Tournedos de veau,Tournedos de veau,Tournedos de veau,apdc_batignolles,"admin,batignolles",apdc_batignolles,Boucherie Dandelion,Veau Bio,,Boucher/Boucherie Dandelion/Veau Bio;;Boucher/Boucherie Dandelion/Tous,,Toute l'année,,,France,,AB,Le tournedos de veau est une tranche de filet de veau.Produit biologique.,,,,0.120,,Tournedos de veau,Le tournedos de veau est une tranche de filet de veau.Produit biologique.,,"re::^CDV17-VRL,re::^MPB17-ARO",
,DAN17-VEA-113,113,Correzienne,Activé,0,pièce,3.90 €,1 pièce de 120g,0.120,1,3.90 €,3.9 €/pièce,5,0.2,2.96 €,DAN17-corezienne.jpg,DAN17-corezienne.jpg,DAN17-corezienne.jpg,Correzienne,Correzienne,Correzienne,apdc_batignolles,"admin,batignolles",apdc_batignolles,Boucherie Dandelion,Veau Bio,,Boucher/Boucherie Dandelion/Veau Bio;;Boucher/Boucherie Dandelion/Tous,,Toute l'année,,,France,,AB,"La Correzienne est une préparation de votre boucher à base de veau haché bio et d'emmental rapé bio, sous la même forme qu'un steack haché.Produit biologique.",,,,0.120,,Correzienne,"La Correzienne est une préparation de votre boucher à base de veau haché bio et d'emmental rapé bio, sous la même forme qu'un steack haché.Produit biologique.",,"re::^CDV17-VRL,re::^MPB17-ARO",
,DAN17-POR-311,311,Poitrine de porc 1/2 sel,0,0,kg,13.80 €,1 portion de 500g,0.500,1,6.90 €,13.8 €/kg,5,0.2,5.23 €,BDM17-poitrineporcdemisel.jpg,BDM17-poitrineporcdemisel.jpg,BDM17-poitrineporcdemisel.jpg,Poitrine de porc 1/2 sel,Poitrine de porc 1/2 sel,Poitrine de porc 1/2 sel,petitcommis_batignolles,,,Boucherie Dandelion,Porc Bio,,Boucher/Boucherie Dandelion/Porc Bio;;Boucher/Boucherie Dandelion/Tous,,Toute l'année,,,France,,AB,"Poitrine en salaison, aussi appelée « bacon » dans les pays anglo-saxons.",,,,0.500,,Poitrine de porc 1/2 sel,"Poitrine en salaison, aussi appelée « bacon » dans les pays anglo-saxons.",,re::^CDV17-VR,
,DAN17-POR-310,310,Travers de porc 1/2 sel,0,0,kg,19.80 €,1 portion de 500g environ,0.500,1,9.90 €,19.8 €/kg,5,0.2,7.51 €,BDM17-traversporcdemisel.jpg,BDM17-traversporcdemisel.jpg,BDM17-traversporcdemisel.jpg,Travers de porc 1/2 sel,Travers de porc 1/2 sel,Travers de porc 1/2 sel,petitcommis_batignolles,,,Boucherie Dandelion,Porc Bio,,Boucher/Boucherie Dandelion/Porc Bio;;Boucher/Boucherie Dandelion/Tous,,Toute l'année,,,France,,AB,"Travers de porc en salaison.Le travers de porc est aussi appelé les « côtes levées ». La plus grande partie de la viande se trouve entre les os. C'est un morceau traditionnel de la choucroute. Il est aussi la vedette des barbecues : mariné puis grillé, il se déguste avec les doigts.",Conservation : Dans son papier d’emballage : 2 à 3 jours au réfrigérateur - 6 mois au congélateur﻿,,,0.500,,Travers de porc 1/2 sel,"Travers de porc en salaison.Le travers de porc est aussi appelé les « côtes levées ». La plus grande partie de la viande se trouve entre les os. C'est un morceau traditionnel de la choucroute. Il est aussi la vedette des barbecues : mariné puis grillé, il se déguste avec les doigts.",,re::^CDV17-VR,
,DAN17-POR-305,305,Poitrine de porc,0,0,kg,12.80 €,1 portion de 100g environ,0.100,1,1.28 €,12.8 €/kg,5,0.2,0.97 €,poitrine_porc.jpg,poitrine_porc.jpg,poitrine_porc.jpg,Poitrine de porc,Poitrine de porc,Poitrine de porc,petitcommis_batignolles,,,Boucherie Dandelion,Porc Bio,,Boucher/Boucherie Dandelion/Porc Bio;;Boucher/Boucherie Dandelion/Tous,,Toute l'année,,,France,,AB,"La poitrine, aussi appelée lard maigre, peut être grillée, poêlée ou braisée.",,,,0.100,,Poitrine de porc,"La poitrine, aussi appelée lard maigre, peut être grillée, poêlée ou braisée.",,re::^CDV17-VR,
,DAN17-POR-307,307,Travers de porc frais,0,0,kg,18.80 €,1 portion de 500g environ,0.500,1,9.40 €,18.8 €/kg,5,0.2,7.13 €,traversporc.jpg,traversporc.jpg,traversporc.jpg,Travers de porc frais,Travers de porc frais,Travers de porc frais,petitcommis_batignolles,,,Boucherie Dandelion,Porc Bio,,Boucher/Boucherie Dandelion/Porc Bio;;Boucher/Boucherie Dandelion/Tous,,Toute l'année,,,France,,AB,"Le travers de porc est aussi appelé les « côtes levées ». La plus grande partie de la viande se trouve entre les os. C'est un morceau traditionnel de la choucroute. Il est aussi la vedette des barbecues : mariné puis grillé, il se déguste avec les doigts.",,,,0.500,,Travers de porc frais,"Le travers de porc est aussi appelé les « côtes levées ». La plus grande partie de la viande se trouve entre les os. C'est un morceau traditionnel de la choucroute. Il est aussi la vedette des barbecues : mariné puis grillé, il se déguste avec les doigts.",,re::^CDV17-VR,
,DAN17-VEA-114,114,Paupiette de veau,Activé,1,kg,29.90 €,1 paupiette de 220g environ,0.220,1,6.58 €,29.9 €/kg,5,0.2,4.99 €,DAN17-paupietteveau.jpg,DAN17-paupietteveau.jpg,DAN17-paupietteveau.jpg,Paupiette de veau,Paupiette de veau,Paupiette de veau,apdc_batignolles,"admin,batignolles",apdc_batignolles,Boucherie Dandelion,Veau Bio,,Boucher/Boucherie Dandelion/Veau Bio;;Boucher/Boucherie Dandelion/Tous,,Toute l'année,,,France,,AB,Une spécialité de la maison!Produit biologique.,,,,0.220,,Paupiette de veau,Une spécialité de la maison!Produit biologique.,,"re::^CDV17-VRL,re::^MPB17-ARO",
,DAN17-VEA-115,115,Cordon bleu de veau,Activé,0,kg,32.90 €,1 pièce de 150g environ,0.150,1,4.94 €,32.9 €/kg,5,0.2,3.74 €,DAN17-cordonbleu.jpg,DAN17-cordonbleu.jpg,DAN17-cordonbleu.jpg,Cordon bleu de veau,Cordon bleu de veau,Cordon bleu de veau,apdc_batignolles,"admin,batignolles",apdc_batignolles,Boucherie Dandelion,Veau Bio,,Boucher/Boucherie Dandelion/Veau Bio;;Boucher/Boucherie Dandelion/Tous,,Toute l'année,,,France,,AB,Produit biologique.,,,,0.150,,Cordon bleu de veau,Produit biologique.,,"re::^CDV17-VRL,re::^MPB17-ARO",
,DAN17-VEA-116,116,Saucisse de veau basilic x2,Activé,0,kg,24.90 €,2 saucisses de 80g environ,0.080,2,3.98 €,24.9 €/kg,5,0.2,3.02 €,,,,Saucisse de veau basilic x2,Saucisse de veau basilic x2,Saucisse de veau basilic x2,apdc_batignolles,"admin,batignolles",apdc_batignolles,Boucherie Dandelion,Veau Bio,,Boucher/Boucherie Dandelion/Veau Bio;;Boucher/Boucherie Dandelion/Tous,,Toute l'année,,,France,,AB,Produit biologique.,,,,0.160,,Saucisse de veau basilic x2,Produit biologique.,,"re::^CDV17-VRL,re::^MPB17-ARO",
,DAN17-VEA-118,118,Ris de veau,Activé,0,kg,60.80 €,1 pièce de 250g,0.250,1,15.20 €,60.8 €/kg,5,0.2,11.53 €,,,,Ris de veau,Ris de veau,Ris de veau,apdc_batignolles,"admin,batignolles",apdc_batignolles,Boucherie Dandelion,Veau Bio,,Boucher/Boucherie Dandelion/Veau Bio;;Boucher/Boucherie Dandelion/Tous,,Toute l'année,,,France,,AB,Produit biologique.,,,,0.250,,Ris de veau,Produit biologique.,,"re::^CDV17-VRL,re::^MPB17-ARO",
,DAN17-AGN-200,200,Gigot entier,Activé,0,kg,25.90 €,1 gigot de 3kg environ,3.000,1,77.70 €,25.9 €/kg,5,0.2,58.92 €,DAN17-gigotagneau.jpg,DAN17-gigotagneau.jpg,DAN17-gigotagneau.jpg,Gigot entier,Gigot entier,Gigot entier,apdc_batignolles,"admin,batignolles",apdc_batignolles,Boucherie Dandelion,Agneau Bio,,Boucher/Boucherie Dandelion/Agneau Bio;;Boucher/Boucherie Dandelion/Tous,,Toute l'année,,,France,,AB,"Le gigot, symbole gourmand des Français, pour un plaisir partagé en grande famille, passe en mode solo : coupé en tranche ou en pavé bien épais et juste grillé ou poêlé, il permet de s’en régaler et d’apprécier sa belle jutosité et sa tendreté sans avoir à attendre le repas qui réunira suffisamment de personnes ! Le gigot entier se compose du gigot raccourci et de la selle, partie haute de la hancheProduit biologique.","Une petite sauce pour napper, un accompagnement simple ou original font du gigot à griller une viande du quotidien.",,,3.000,,Gigot entier,"Le gigot, symbole gourmand des Français, pour un plaisir partagé en grande famille, passe en mode solo : coupé en tranche ou en pavé bien épais et juste grillé ou poêlé, il permet de s’en régaler et d’apprécier sa belle jutosité et sa tendreté sans avoir à attendre le repas qui réunira suffisamment ",,"re::^CDV17-VRT,re::^MPB17-ARO",
,DAN17-AGN-201,201,Gigot raccourci,Activé,1,kg,28.90 €,"1 gigot de 1,5kg environ",1.500,1,43.35 €,28.9 €/kg,5,0.2,32.87 €,DAN17-gigotagneau.jpg,DAN17-gigotagneau.jpg,DAN17-gigotagneau.jpg,Gigot raccourci,Gigot raccourci,Gigot raccourci,apdc_batignolles,"admin,batignolles",apdc_batignolles,Boucherie Dandelion,Agneau Bio,,Boucher/Boucherie Dandelion/Agneau Bio;;Boucher/Boucherie Dandelion/Tous,,Toute l'année,,,France,,AB,"Le gigot, symbole gourmand des Français, pour un plaisir partagé en grande famille, passe en mode solo : coupé en tranche ou en pavé bien épais et juste grillé ou poêlé, il permet de s’en régaler et d’apprécier sa belle jutosité et sa tendreté sans avoir à attendre le repas qui réunira suffisamment de personnes !Produit biologique.",,,,1.500,,Gigot raccourci,"Le gigot, symbole gourmand des Français, pour un plaisir partagé en grande famille, passe en mode solo : coupé en tranche ou en pavé bien épais et juste grillé ou poêlé, il permet de s’en régaler et d’apprécier sa belle jutosité et sa tendreté sans avoir à attendre le repas qui réunira suffisamment ",,"re::^CDV17-VRT,re::^MPB17-ARO",
,DAN17-AGN-202,202,Gigot sans os,Activé,0,kg,32.90 €,1 tranche de 150g environ,0.150,1,4.94 €,32.9 €/kg,5,0.2,3.74 €,DAN17-gigotagneau.jpg,DAN17-gigotagneau.jpg,DAN17-gigotagneau.jpg,Gigot sans os,Gigot sans os,Gigot sans os,apdc_batignolles,"admin,batignolles",apdc_batignolles,Boucherie Dandelion,Agneau Bio,,Boucher/Boucherie Dandelion/Agneau Bio;;Boucher/Boucherie Dandelion/Tous,,Toute l'année,,,France,,AB,"Le gigot, symbole gourmand des Français, pour un plaisir partagé en grande famille, passe en mode solo : coupé en tranche ou en pavé bien épais et juste grillé ou poêlé, il permet de s’en régaler et d’apprécier sa belle jutosité et sa tendreté sans avoir à attendre le repas qui réunira suffisamment de personnes !Produit biologique.",,,,0.150,,Gigot sans os,"Le gigot, symbole gourmand des Français, pour un plaisir partagé en grande famille, passe en mode solo : coupé en tranche ou en pavé bien épais et juste grillé ou poêlé, il permet de s’en régaler et d’apprécier sa belle jutosité et sa tendreté sans avoir à attendre le repas qui réunira suffisamment ",,"re::^CDV17-VRT,re::^MPB17-ARO",
,DAN17-AGN-203,203,Epaule d'agneau avec os,Activé,0,kg,20.80 €,1 épaule de 1.7 kg environ,1.700,1,35.36 €,20.8 €/kg,5,0.2,26.81 €,DAN17-epauleagneau.jpg,DAN17-epauleagneau.jpg,DAN17-epauleagneau.jpg,Epaule d'agneau avec os,Epaule d'agneau avec os,Epaule d'agneau avec os,apdc_batignolles,"admin,batignolles",apdc_batignolles,Boucherie Dandelion,Agneau Bio,,Boucher/Boucherie Dandelion/Agneau Bio;;Boucher/Boucherie Dandelion/Tous,,Toute l'année,,,France,,AB,"L’épaule d’agneau peut se faire griller, pour une saveur incomparable.Produit biologique.","Elles sont faciles à préparer, quelques minutes de cuisson leur suffisent et les légumes de saison les accompagnent de leur couleur de leur parfum.",,,1.700,,Epaule d'agneau avec os,"L’épaule d’agneau peut se faire griller, pour une saveur incomparable.Produit biologique.",,"re::^CDV17-VRT,re::^MPB17-ARO",
,DAN17-SAU-404,404,Chair à saucisse,0,0,kg,16.80 €,1 portion de 200g environ,0.200,1,3.36 €,16.8 €/kg,5,0.2,2.55 €,chair_farce.jpg,chair_farce.jpg,chair_farce.jpg,Chair à saucisse,Chair à saucisse,Chair à saucisse,petitcommis_batignolles,,,Boucherie Dandelion,Saucisses & Préparations Bio,,Boucher/Boucherie Dandelion/Saucisses & Préparations Bio;;Boucher/Boucherie Dandelion/Tous,,Toute l'année,,,France,,AB,,,,,0.200,,Chair à saucisse,,,re::^CDV17-VR,
,DAN17-SAU-405,405,Crépinette,0,0,kg,19.90 €,?,?,1,#VALUE!,#VALUE!,5,0.2,#VALUE!,,,,Crépinette,Crépinette,Crépinette,petitcommis_batignolles,,,Boucherie Dandelion,Saucisses & Préparations Bio,,Boucher/Boucherie Dandelion/Saucisses & Préparations Bio;;Boucher/Boucherie Dandelion/Tous,,Toute l'année,,,France,,AB,,,,,#VALUE!,,Crépinette,,,re::^CDV17-VR,
,DAN17-SAU-409,409,Escalope de poulet au citron,0,0,kg,29.90 €,?,?,1,#VALUE!,#VALUE!,5,0.2,#VALUE!,,,,Escalope de poulet au citron,Escalope de poulet au citron,Escalope de poulet au citron,petitcommis_batignolles,,,Boucherie Dandelion,Saucisses & Préparations Bio,,Boucher/Boucherie Dandelion/Saucisses & Préparations Bio;;Boucher/Boucherie Dandelion/Tous,,Toute l'année,,,France,,AB,,,,,#VALUE!,,Escalope de poulet au citron,,,re::^CDV17-VR,
,DAN17-SAU-411,411,Pavé savoyard,0,0,kg,59.90 €,1 pavé de 100g environ,0.100,1,5.99 €,59.9 €/kg,5,0.2,4.54 €,,,,Pavé savoyard,Pavé savoyard,Pavé savoyard,petitcommis_batignolles,,,Boucherie Dandelion,Saucisses & Préparations Bio,,Boucher/Boucherie Dandelion/Saucisses & Préparations Bio;;Boucher/Boucherie Dandelion/Tous,,Toute l'année,,,France,,AB,,,,,0.100,,Pavé savoyard,,,re::^CDV17-VR,
,DAN17-AGN-204,204,Epaule d'agneau sans os,Activé,0,kg,32.90 €,"1 épaule de 1,4kg environ",1.400,1,46.06 €,32.9 €/kg,5,0.2,34.93 €,DAN17-epauleagneau.jpg,DAN17-epauleagneau.jpg,DAN17-epauleagneau.jpg,Epaule d'agneau sans os,Epaule d'agneau sans os,Epaule d'agneau sans os,apdc_batignolles,"admin,batignolles",apdc_batignolles,Boucherie Dandelion,Agneau Bio,,Boucher/Boucherie Dandelion/Agneau Bio;;Boucher/Boucherie Dandelion/Tous,,Toute l'année,,,France,,AB,"L’épaule d’agneau peut se faire griller, pour une saveur incomparable.Produit biologique.","Elles sont faciles à préparer, quelques minutes de cuisson leur suffisent et les légumes de saison les accompagnent de leur couleur de leur parfum.",,,1.400,,Epaule d'agneau sans os,"L’épaule d’agneau peut se faire griller, pour une saveur incomparable.Produit biologique.",,"re::^CDV17-VRT,re::^MPB17-ARO",
,DAN17-AGN-205,205,Côte première d'agneau,Activé,0,kg,34.90 €,1 côte de 100g environ,0.100,1,3.49 €,34.9 €/kg,5,0.2,2.65 €,cotepremiereagneau.jpg,cotepremiereagneau.jpg,cotepremiereagneau.jpg,Côte première d'agneau,Côte première d'agneau,Côte première d'agneau,apdc_batignolles,"admin,batignolles",apdc_batignolles,Boucherie Dandelion,Agneau Bio,,Boucher/Boucherie Dandelion/Agneau Bio;;Boucher/Boucherie Dandelion/Tous,,Toute l'année,,,France,,AB,"La côte offre une viande moelleuse et savoureuse. Les côtes premières, au nombre de quatre également, sont formées d’une belle noix de chair, entourées d’un peu de graisse, et elles possèdent un long manche. Une côte première bien préparée se présente comme une nervure de voûte gothique.Produit biologique.","Une côte à griller, tout simplement. Pour apprécier toute sa jutosité et sa tendreté, préférer une cuisson « rosé » ou « à point ».","Les côtes d’agneau ne se conservent pas plus de deux jours au réfrigérateur, dans sa partie la plus froide.",,0.100,,Côte première d'agneau,"La côte offre une viande moelleuse et savoureuse. Les côtes premières, au nombre de quatre également, sont formées d’une belle noix de chair, entourées d’un peu de graisse, et elles possèdent un long manche. Une côte première bien préparée se présente comme une nervure de voûte gothique.Produit biol",,"re::^CDV17-VRT,re::^MPB17-ARO",
,DAN17-AGN-206,206,Côte découverte d'agneau,Activé,0,kg,29.90 €,1 côte de 100g environ,0.100,1,2.99 €,29.9 €/kg,5,0.2,2.27 €,cotepremiereagneau.jpg,cotepremiereagneau.jpg,cotepremiereagneau.jpg,Côte découverte d'agneau,Côte découverte d'agneau,Côte découverte d'agneau,apdc_batignolles,"admin,batignolles",apdc_batignolles,Boucherie Dandelion,Agneau Bio,,Boucher/Boucherie Dandelion/Agneau Bio;;Boucher/Boucherie Dandelion/Tous,,Toute l'année,,,France,,AB,"Les côtes découvertes, de la 1ère à la 5ème, sont découvertes, lors de la levée de l’épaule au moment de la découpe. Elles se trouvent à la suite du collier. La côte découverte est la côte des amateurs. Sa chair, entrelardée, couvre largement le manche. Appelée aussi côtelette bouchère, elle est l’égale de l’entrecôte de bœuf.Produit biologique.","Les côtes découvertes, quand elles ne sont pas grillées, braisées ou sautées, entrent dans la préparation de délicieux ragoûts.","Les côtes d’agneau ne se conservent pas plus de deux jours au réfrigérateur, dans sa partie la plus froide.",,0.100,,Côte découverte d'agneau,"Les côtes découvertes, de la 1ère à la 5ème, sont découvertes, lors de la levée de l’épaule au moment de la découpe. Elles se trouvent à la suite du collier. La côte découverte est la côte des amateurs. Sa chair, entrelardée, couvre largement le manche. Appelée aussi côtelette bouchère, elle est l’é",,"re::^CDV17-VRT,re::^MPB17-ARO",
,DAN17-AGN-207,207,Côte filet d'agneau,Activé,0,kg,27.90 €,1 côte de 200g environ,0.200,1,5.58 €,27.9 €/kg,5,0.2,4.23 €,coteagneaudouble.jpg,coteagneaudouble.jpg,coteagneaudouble.jpg,Côte filet d'agneau,Côte filet d'agneau,Côte filet d'agneau,apdc_batignolles,"admin,batignolles",apdc_batignolles,Boucherie Dandelion,Agneau Bio,,Boucher/Boucherie Dandelion/Agneau Bio;;Boucher/Boucherie Dandelion/Tous,,Toute l'année,,,France,,AB,La côte filet ne comporte pas de manche.Produit biologique.,"Une côte à griller, tout simplement. Pour apprécier toute sa jutosité et sa tendreté, préférer une cuisson « rosé » ou « à point ».","Les côtes d’agneau ne se conservent pas plus de deux jours au réfrigérateur, dans sa partie la plus froide.",,0.200,,Côte filet d'agneau,La côte filet ne comporte pas de manche.Produit biologique.,,"re::^CDV17-VRT,re::^MPB17-ARO",
,DAN17-AGN-209,209,Collier d'agneau,Activé,0,kg,14.90 €,"1 portion de 1,1kg environ",1.100,1,16.39 €,14.9 €/kg,5,0.2,12.43 €,BDM17-collieragneau.jpg,BDM17-collieragneau.jpg,BDM17-collieragneau.jpg,Collier d'agneau,Collier d'agneau,Collier d'agneau,apdc_batignolles,"admin,batignolles",apdc_batignolles,Boucherie Dandelion,Agneau Bio,,Boucher/Boucherie Dandelion/Agneau Bio;;Boucher/Boucherie Dandelion/Tous,,Toute l'année,,,France,,AB,"Le collier d'agneau est un morceau charnu, économique et savoureux. Le collier d'agneau est surtout utilisé comme morceau à pocher, à braiser ou à sauterProduit biologique.","Il est idéal pour tous les plats préparés avec des légume secs ou des pommes de terre mais se marie avec bon nombre de légumes, notamment les primeurs. Il peut être utilisé avec d'autres morceaux comme la queue, la poitrine, le haut de côtes, pour donner du goût.","Le collier d'agneau ne se conserve pas plus de deux jours au réfrigérateur, dans sa partie la plus froide.",,1.100,,Collier d'agneau,"Le collier d'agneau est un morceau charnu, économique et savoureux. Le collier d'agneau est surtout utilisé comme morceau à pocher, à braiser ou à sauterProduit biologique.",,"re::^CDV17-VRT,re::^MPB17-ARO",
,DAN17-AGN-210,210,Epigramme,Activé,0,pièce,4.90 €,1 portion de 180g environ,0.180,1,4.90 €,4.9 €/pièce,5,0.2,3.72 €,,,,Epigramme,Epigramme,Epigramme,apdc_batignolles,"admin,batignolles",apdc_batignolles,Boucherie Dandelion,Agneau Bio,,Boucher/Boucherie Dandelion/Agneau Bio;;Boucher/Boucherie Dandelion/Tous,,Toute l'année,,,France,,AB,"La poitrine d'agneau est la partie basse du corps de l'animal. C'est un morceau riche en os et en cartilages, composé des muscles de l'abdomen. Peu coûteux mais très goûteux, pour de délicieux plats à mijoter d'hiver, il est proposé entier et désossé pour être farci, ou en morceaux avec ou sans os pour les braisés, les sautés et les ragoûts.Produit biologique.",,,,0.180,,Epigramme,"La poitrine d'agneau est la partie basse du corps de l'animal. C'est un morceau riche en os et en cartilages, composé des muscles de l'abdomen. Peu coûteux mais très goûteux, pour de délicieux plats à mijoter d'hiver, il est proposé entier et désossé pour être farci, ou en morceaux avec ou sans os p",,"re::^CDV17-VRT,re::^MPB17-ARO",
,DAN17-AGN-212,212,Rognon d'agneau,Activé,0,pièce,1.20 €,1 portion de 80g environ,0.080,1,1.20 €,1.2 €/pièce,5,0.2,0.91 €,DAN17-rognonagneau.jpg,DAN17-rognonagneau.jpg,DAN17-rognonagneau.jpg,Rognon d'agneau,Rognon d'agneau,Rognon d'agneau,apdc_batignolles,"admin,batignolles",apdc_batignolles,Boucherie Dandelion,Agneau Bio,,Boucher/Boucherie Dandelion/Agneau Bio;;Boucher/Boucherie Dandelion/Tous,,Toute l'année,,,France,,AB,Produit biologique.,,,,0.080,,Rognon d'agneau,Produit biologique.,,"re::^CDV17-VRT,re::^MPB17-ARO",
,DAN17-POR-300,300,Filet mignon de porc,Activé,1,kg,29.80 €,1 filet mignon de 600g environ,0.600,1,17.88 €,29.8 €/kg,5,0.2,13.56 €,filet_mignon_porc.jpg,filet_mignon_porc.jpg,filet_mignon_porc.jpg,Filet mignon de porc,Filet mignon de porc,Filet mignon de porc,apdc_batignolles,"admin,batignolles",apdc_batignolles,Boucherie Dandelion,Porc Bio,,Boucher/Boucherie Dandelion/Porc Bio;;Boucher/Boucherie Dandelion/Tous,,Toute l'année,,,France,,AB,"Situé sous la longe (dos), c'est un muscle long et étroit. Avec son grain fin, il est très tendre.Produit biologique.",,,,0.600,,Filet mignon de porc,"Situé sous la longe (dos), c'est un muscle long et étroit. Avec son grain fin, il est très tendre.Produit biologique.",BDM17-POR-1152,"re::^CDV17-VR,re::^MPB17-ARO",
,DAN17-VEA-110,110,Bas de carré de veau,0,0,kg,29.80 €,"1 carré de 1,2 kg environ",1.200,1,35.76 €,29.8 €/kg,5,0.2,27.12 €,carre_veau.jpg,carre_veau.jpg,carre_veau.jpg,Bas de carré de veau,Bas de carré de veau,Bas de carré de veau,petitcommis_batignolles,,,Boucherie Dandelion,Veau Bio,,Boucher/Boucherie Dandelion/Veau Bio;;Boucher/Boucherie Dandelion/Tous,,Toute l'année,,,France,,AB,,,,,1.200,,Bas de carré de veau,,,re::^CDV17-VR,
,DAN17-VEA-104,104,Grenadin de veau,0,0,kg,52.90 €,,,1,0.00 €,#DIV/0!,5,0.2,0.00 €,,,,Grenadin de veau,Grenadin de veau,Grenadin de veau,petitcommis_batignolles,,,Boucherie Dandelion,Veau Bio,,Boucher/Boucherie Dandelion/Veau Bio;;Boucher/Boucherie Dandelion/Tous,,Toute l'année,,,France,,AB,,,,,0.000,,Grenadin de veau,,,re::^CDV17-VR,
,DAN17-VEA-117,117,Cervelle de veau,0,0,pièce,8.00 €,1 pièce de 300g environ,0.300,1,8.00 €,8 €/pièce,5,0.2,6.07 €,,,,Cervelle de veau,Cervelle de veau,Cervelle de veau,petitcommis_batignolles,,,Boucherie Dandelion,Veau Bio,,Boucher/Boucherie Dandelion/Veau Bio;;Boucher/Boucherie Dandelion/Tous,,Commander une semaine avant,,,France,,AB,,,,,0.300,,Cervelle de veau,,,re::^CDV17-VR,
,DAN17-VEA-119,119,Sauté de veau,0,0,kg,32.90 €,?,?,1,#VALUE!,#VALUE!,5,0.2,#VALUE!,,,,Sauté de veau,Sauté de veau,Sauté de veau,petitcommis_batignolles,,,Boucherie Dandelion,Veau Bio,,Boucher/Boucherie Dandelion/Veau Bio;;Boucher/Boucherie Dandelion/Tous,,Toute l'année,,,France,,AB,,,,,#VALUE!,,Sauté de veau,,,re::^CDV17-VR,
,DAN17-VEA-120,120,Coeur de veau,0,0,kg,10.80 €,?,?,1,#VALUE!,#VALUE!,5,0.2,#VALUE!,,,,Coeur de veau,Coeur de veau,Coeur de veau,petitcommis_batignolles,,,Boucherie Dandelion,Veau Bio,,Boucher/Boucherie Dandelion/Veau Bio;;Boucher/Boucherie Dandelion/Tous,,Toute l'année,,,France,,AB,,,,,#VALUE!,,Coeur de veau,,,re::^CDV17-VR,
,DAN17-POR-301,301,Filet de porc sans os,Activé,0,kg,22.80 €,1 tranche de 120g environ,0.120,1,2.74 €,22.8 €/kg,5,0.2,2.07 €,DAN17-filetporcsansos.jpg,DAN17-filetporcsansos.jpg,DAN17-filetporcsansos.jpg,Filet de porc sans os,Filet de porc sans os,Filet de porc sans os,apdc_batignolles,"admin,batignolles",apdc_batignolles,Boucherie Dandelion,Porc Bio,,Boucher/Boucherie Dandelion/Porc Bio;;Boucher/Boucherie Dandelion/Tous,,Toute l'année,,,France,,AB,Produit biologique.,,,,0.120,,Filet de porc sans os,Produit biologique.,,"re::^CDV17-VR,re::^MPB17-ARO",
,DAN17-POR-302,302,Côte échine de porc,Activé,1,kg,18.80 €,1 côte d'environ 200g,0.200,1,3.76 €,18.8 €/kg,5,0.2,2.85 €,BDM17-coteechine.jpg,BDM17-coteechine.jpg,BDM17-coteechine.jpg,Côte échine de porc,Côte échine de porc,Côte échine de porc,apdc_batignolles,"admin,batignolles",apdc_batignolles,Boucherie Dandelion,Porc Bio,,Boucher/Boucherie Dandelion/Porc Bio;;Boucher/Boucherie Dandelion/Tous,,Toute l'année,,,France,,AB,"L'échine est le morceau de la partie supérieure du cou. Sa viande est entrelardée, tendre et goûteuse. On peut en faire un rôti ou y couper des côtes savoureuses.Produit biologique.",,,,0.200,,Côte échine de porc,"L'échine est le morceau de la partie supérieure du cou. Sa viande est entrelardée, tendre et goûteuse. On peut en faire un rôti ou y couper des côtes savoureuses.Produit biologique.",BDM17-POR-1098,"re::^CDV17-VR,re::^MPB17-ARO",
,DAN17-POR-303,303,Côte première de porc,Activé,0,kg,17.80 €,1 côte d'environ 200g,0.200,1,3.56 €,17.8 €/kg,5,0.2,2.70 €,BDM17-cotespremieres.jpg,BDM17-cotespremieres.jpg,BDM17-cotespremieres.jpg,Côte première de porc,Côte première de porc,Côte première de porc,apdc_batignolles,"admin,batignolles",apdc_batignolles,Boucherie Dandelion,Porc Bio,,Boucher/Boucherie Dandelion/Porc Bio;;Boucher/Boucherie Dandelion/Tous,,Toute l'année,,,France,,AB,"La côte première, comme la côte seconde, offre une belle noix de viande et un os à manche.Produit biologique.",,,,0.200,,Côte première de porc,"La côte première, comme la côte seconde, offre une belle noix de viande et un os à manche.Produit biologique.",,"re::^CDV17-VR,re::^MPB17-ARO",
,DAN17-POR-304,304,Palette avec os,Activé,0,kg,13.80 €,"1 portion de 1,2kg",1.200,1,16.56 €,13.8 €/kg,5,0.2,12.56 €,DAN17-palettesansos.jpg,DAN17-palettesansos.jpg,DAN17-palettesansos.jpg,Palette avec os,Palette avec os,Palette avec os,apdc_batignolles,"admin,batignolles",apdc_batignolles,Boucherie Dandelion,Porc Bio,,Boucher/Boucherie Dandelion/Porc Bio;;Boucher/Boucherie Dandelion/Tous,,Toute l'année,,,France,,AB,Produit biologique.,,,,1.200,,Palette avec os,Produit biologique.,,"re::^CDV17-VR,re::^MPB17-ARO",
,DAN17-POR-306,306,Escalope de porc,Activé,0,kg,24.80 €,1 tranche de 120g environ,0.120,1,2.98 €,24.8 €/kg,5,0.2,2.26 €,,,,Escalope de porc,Escalope de porc,Escalope de porc,apdc_batignolles,"admin,batignolles",apdc_batignolles,Boucherie Dandelion,Porc Bio,,Boucher/Boucherie Dandelion/Porc Bio;;Boucher/Boucherie Dandelion/Tous,,Toute l'année,,,France,,AB,Produit biologique.,,,,0.120,,Escalope de porc,Produit biologique.,,"re::^CDV17-VR,re::^MPB17-ARO",
,DAN17-POR-308,308,Echine de porc sans os 1/2 sel,Activé,0,kg,22.90 €,1 portion de 450g,0.450,1,10.31 €,22.9 €/kg,5,0.2,7.81 €,,,,Echine de porc sans os 1/2 sel,Echine de porc sans os 1/2 sel,Echine de porc sans os 1/2 sel,apdc_batignolles,"admin,batignolles",apdc_batignolles,Boucherie Dandelion,Porc Bio,,Boucher/Boucherie Dandelion/Porc Bio;;Boucher/Boucherie Dandelion/Tous,,Toute l'année,,,France,,AB,"C'est un jarret de porc, coupé en deux, en salaison.Produit biologique.",,,,0.450,,Echine de porc sans os 1/2 sel,"C'est un jarret de porc, coupé en deux, en salaison.Produit biologique.",,"re::^CDV17-VR,re::^MPB17-ARO",
,DAN17-POR-309,309,Palette avec os 1/2 sel,Activé,0,kg,14.80 €,"1 pièce de 1,2kg",1.200,1,17.76 €,14.8 €/kg,5,0.2,13.47 €,BDM17-paletteporcdemisel.jpg,BDM17-paletteporcdemisel.jpg,BDM17-paletteporcdemisel.jpg,Palette avec os 1/2 sel,Palette avec os 1/2 sel,Palette avec os 1/2 sel,apdc_batignolles,"admin,batignolles",apdc_batignolles,Boucherie Dandelion,Porc Bio,,Boucher/Boucherie Dandelion/Porc Bio;;Boucher/Boucherie Dandelion/Tous,,Toute l'année,,,France,,AB,Palette salée avec os.Produit biologique.,,,,1.200,,Palette avec os 1/2 sel,Palette salée avec os.Produit biologique.,,"re::^CDV17-VR,re::^MPB17-ARO",
,DAN17-SAU-400,400,Saucisse au couteau,Activé,0,kg,22.80 €,1 saucisse de 120g environ,0.120,1,2.74 €,22.8 €/kg,5,0.2,2.07 €,saucissecouteau.jpg,saucissecouteau.jpg,saucissecouteau.jpg,Saucisse au couteau,Saucisse au couteau,Saucisse au couteau,apdc_batignolles,"admin,batignolles",apdc_batignolles,Boucherie Dandelion,Saucisses & Préparations Bio,,Boucher/Boucherie Dandelion/Saucisses & Préparations Bio;;Boucher/Boucherie Dandelion/Tous,,Toute l'année,,,France,,AB,Produit biologique.,,,,0.120,,Saucisse au couteau,Produit biologique.,,"re::^CDV17-VR,re::^MPB17-ARO",
,DAN17-SAU-401,401,Chipolata x2,Activé,0,kg,18.80 €,2 saucisses de 80g chacune environ,0.080,2,3.01 €,18.8 €/kg,5,0.2,2.28 €,chipolata.jpg,chipolata.jpg,chipolata.jpg,Chipolata x2,Chipolata x2,Chipolata x2,apdc_batignolles,"admin,batignolles",apdc_batignolles,Boucherie Dandelion,Saucisses & Préparations Bio,,Boucher/Boucherie Dandelion/Saucisses & Préparations Bio;;Boucher/Boucherie Dandelion/Tous,,Toute l'année,,,France,,AB,Produit biologique.,,,,0.160,,Chipolata x2,Produit biologique.,,"re::^CDV17-VR,re::^MPB17-ARO",
,DAN17-SAU-402,402,Merguez x2,Activé,0,kg,18.80 €,2 saucisses de 80g chacune environ,0.080,2,3.01 €,18.8 €/kg,5,0.2,2.28 €,merguez.jpg,merguez.jpg,merguez.jpg,Merguez x2,Merguez x2,Merguez x2,apdc_batignolles,"admin,batignolles",apdc_batignolles,Boucherie Dandelion,Saucisses & Préparations Bio,,Boucher/Boucherie Dandelion/Saucisses & Préparations Bio;;Boucher/Boucherie Dandelion/Tous,,Toute l'année,,,France,,AB,Produit biologique.,,,,0.160,,Merguez x2,Produit biologique.,,"re::^CDV17-VR,re::^MPB17-ARO",
,DAN17-SAU-403,403,Farce à tomate,Activé,0,kg,18.80 €,1 portion de 200g environ,0.200,1,3.76 €,18.8 €/kg,5,0.2,2.85 €,chair_farce.jpg,chair_farce.jpg,chair_farce.jpg,Farce à tomate,Farce à tomate,Farce à tomate,apdc_batignolles,"admin,batignolles",apdc_batignolles,Boucherie Dandelion,Saucisses & Préparations Bio,,Boucher/Boucherie Dandelion/Saucisses & Préparations Bio;;Boucher/Boucherie Dandelion/Tous,,Toute l'année,,,France,,AB,Produit biologique.,,,,0.200,,Farce à tomate,Produit biologique.,,"re::^CDV17-VR,re::^MPB17-ARO",
,DAN17-SAU-406,406,Tomate farcie,Activé,0,pièce,4.50 €,1 pièce d'environ 200g,0.200,1,4.50 €,4.5 €/pièce,5,0.2,3.41 €,,,,Tomate farcie,Tomate farcie,Tomate farcie,apdc_batignolles,"admin,batignolles",apdc_batignolles,Boucherie Dandelion,Saucisses & Préparations Bio,,Boucher/Boucherie Dandelion/Saucisses & Préparations Bio;;Boucher/Boucherie Dandelion/Tous,,Toute l'année,,,France,,AB,Produit biologique.,,,,0.200,,Tomate farcie,Produit biologique.,,"re::^CDV17-VR,re::^MPB17-ARO",
,DAN17-SAU-407,407,Roti de porc aux pruneaux,Activé,0,kg,23.50 €,1 rôti de 1kg environ,1.000,1,23.50 €,23.5 €/kg,5,0.2,17.82 €,BDM17-rotiporcpruneau.jpg,BDM17-rotiporcpruneau.jpg,BDM17-rotiporcpruneau.jpg,Roti de porc aux pruneaux,Roti de porc aux pruneaux,Roti de porc aux pruneaux,apdc_batignolles,"admin,batignolles",apdc_batignolles,Boucherie Dandelion,Saucisses & Préparations Bio,,Boucher/Boucherie Dandelion/Saucisses & Préparations Bio;;Boucher/Boucherie Dandelion/Tous,,Toute l'année,,,France,,AB,Produit biologique.,,,,1.000,,Roti de porc aux pruneaux,Produit biologique.,,"re::^CDV17-VR,re::^MPB17-ARO",
,DAN17-SAU-408,408,Rôti de veau Orloff,Activé,0,kg,39.90 €,1 rôti de 1kg environ,1.000,1,39.90 €,39.9 €/kg,5,0.2,30.26 €,DAN17-rotiveauorloff.jpg,DAN17-rotiveauorloff.jpg,DAN17-rotiveauorloff.jpg,Rôti de veau Orloff,Rôti de veau Orloff,Rôti de veau Orloff,apdc_batignolles,"admin,batignolles",apdc_batignolles,Boucherie Dandelion,Saucisses & Préparations Bio,,Boucher/Boucherie Dandelion/Saucisses & Préparations Bio;;Boucher/Boucherie Dandelion/Tous,,Toute l'année,,,France,,AB,"Le veau Orloff est un apprêt de veau tranché-fourré. Il a été mis au point au XIXe siècle, par Urbain Dubois, cuisinier français au service du prince Orloff, ambassadeur du Tsar en France. Le rôti est braisé puis tranché, fourré de sauce aux champignons et aux oignons, reconstitué, nappé de sauce Mornay, saupoudré de parmesan et glacé au four.Produit biologique.",,,,1.000,,Rôti de veau Orloff,"Le veau Orloff est un apprêt de veau tranché-fourré. Il a été mis au point au XIXe siècle, par Urbain Dubois, cuisinier français au service du prince Orloff, ambassadeur du Tsar en France. Le rôti est braisé puis tranché, fourré de sauce aux champignons et aux oignons, reconstitué, nappé de sauce Mo",,"re::^CDV17-VR,re::^MPB17-ARO",
,DAN17-SAU-410,410,Rôti de veau farci,Activé,0,kg,29.90 €,1 rôti de 1kg environ,1.000,1,29.90 €,29.9 €/kg,5,0.2,22.67 €,,,,Rôti de veau farci,Rôti de veau farci,Rôti de veau farci,apdc_batignolles,"admin,batignolles",apdc_batignolles,Boucherie Dandelion,Saucisses & Préparations Bio,,Boucher/Boucherie Dandelion/Saucisses & Préparations Bio;;Boucher/Boucherie Dandelion/Tous,,Toute l'année,,,France,,AB,Produit biologique.,,,,1.000,,Rôti de veau farci,Produit biologique.,,"re::^CDV17-VR,re::^MPB17-ARO",
,DAN17-VOL-509,509,Brochette de filet de canette,0,0,kg,39.90 €,1 brochette de 200g environ,0.200,1,7.98 €,39.9 €/kg,5,0.2,6.05 €,BDM17-brochettecanard.jpg,BDM17-brochettecanard.jpg,BDM17-brochettecanard.jpg,Brochette de filet de canette,Brochette de filet de canette,Brochette de filet de canette,petitcommis_batignolles,,,Boucherie Dandelion,Volaille Bio,,Boucher/Boucherie Dandelion/Volaille Bio;;Boucher/Boucherie Dandelion/Tous,,Toute l'année,,,France,,AB,,,,,0.200,,Brochette de poulet,,,re::^CDV17-VR,
,DAN17-VOL-507,507,Brochette de poulet,0,0,kg,29.90 €,1 brochette de 200g environ,0.200,1,5.98 €,29.9 €/kg,5,0.2,4.53 €,BDM17-brochettepoulet.jpg,BDM17-brochettepoulet.jpg,BDM17-brochettepoulet.jpg,Brochette de poulet,Brochette de poulet,Brochette de poulet,petitcommis_batignolles,,,Boucherie Dandelion,Volaille Bio,,Boucher/Boucherie Dandelion/Volaille Bio;;Boucher/Boucherie Dandelion/Tous,,Toute l'année,,,France,,AB,,,,,0.200,,Brochette de dinde,,,re::^CDV17-VR,
,DAN17-VOL-502,502,Brochette de dinde,0,0,kg,24.50 €,1 brochette de 200g environ,0.200,1,4.90 €,24.5 €/kg,5,0.2,3.72 €,,,,Brochette de dinde,Brochette de dinde,Brochette de dinde,petitcommis_batignolles,,,Boucherie Dandelion,Volaille Bio,,Boucher/Boucherie Dandelion/Volaille Bio;;Boucher/Boucherie Dandelion/Tous,,Toute l'année,,,France,,AB,,,,,0.200,,Escalope de dinde,,,re::^CDV17-VR,
,DAN17-VOL-500,500,Escalope de dinde,Activé,0,kg,28.80 €,1 tranche de 120g environ,0.120,1,3.46 €,28.8 €/kg,5,0.2,2.62 €,filetdinde.jpg,filetdinde.jpg,filetdinde.jpg,Escalope de dinde,Escalope de dinde,Escalope de dinde,apdc_batignolles,"admin,batignolles",apdc_batignolles,Boucherie Dandelion,Volaille Bio,,Boucher/Boucherie Dandelion/Volaille Bio;;Boucher/Boucherie Dandelion/Tous,,Toute l'année,,,France,,AB,Produit biologique.,,,,0.120,,Escalope de dinde,Produit biologique.,,"re::^CDV17-VRL,re::^MPB17-ARO",
,DAN17-VOL-501,501,Cuisse de dinde,Activé,0,kg,12.80 €,"1 cuisse d'1,2kg environ",1.200,1,15.36 €,12.8 €/kg,5,0.2,11.65 €,DAN17-cuissedinde.jpg,DAN17-cuissedinde.jpg,DAN17-cuissedinde.jpg,Cuisse de dinde,Cuisse de dinde,Cuisse de dinde,apdc_batignolles,"admin,batignolles",apdc_batignolles,Boucherie Dandelion,Volaille Bio,,Boucher/Boucherie Dandelion/Volaille Bio;;Boucher/Boucherie Dandelion/Tous,,Toute l'année,,,France,,AB,Produit biologique.,,,,1.200,,Cuisse de dinde,Produit biologique.,,"re::^CDV17-VRL,re::^MPB17-ARO",
,DAN17-VOL-503,503,Rôti de dinde,Activé,0,kg,19.50 €,"1 rôti de 1,1kg environ",1.100,1,21.45 €,19.5 €/kg,5,0.2,16.27 €,,,,Rôti de dinde,Rôti de dinde,Rôti de dinde,apdc_batignolles,"admin,batignolles",apdc_batignolles,Boucherie Dandelion,Volaille Bio,,Boucher/Boucherie Dandelion/Volaille Bio;;Boucher/Boucherie Dandelion/Tous,,Toute l'année,,,France,,AB,Produit biologique.,,,,1.100,,Rôti de dinde,Produit biologique.,,"re::^CDV17-VRL,re::^MPB17-ARO",
,DAN17-VOL-504,504,Aileron de dinde,Activé,0,kg,10.80 €,1 pièce de 400g environ,0.400,1,4.32 €,10.8 €/kg,5,0.2,3.28 €,DAN17-ailerondinde.jpg,DAN17-ailerondinde.jpg,DAN17-ailerondinde.jpg,Aileron de dinde,Aileron de dinde,Aileron de dinde,apdc_batignolles,"admin,batignolles",apdc_batignolles,Boucherie Dandelion,Volaille Bio,,Boucher/Boucherie Dandelion/Volaille Bio;;Boucher/Boucherie Dandelion/Tous,,Toute l'année,,,France,,AB,Produit biologique.,,,,0.400,,Aileron de dinde,Produit biologique.,,"re::^CDV17-VRL,re::^MPB17-ARO",
,DAN17-VOL-505,505,Escalope de poulet,Activé,0,kg,39.90 €,1 pièce de 130g environ,0.130,1,5.19 €,39.9 €/kg,5,0.2,3.93 €,BDM17-filet-poulet.jpg,BDM17-filet-poulet.jpg,BDM17-filet-poulet.jpg,Escalope de poulet,Escalope de poulet,Escalope de poulet,apdc_batignolles,"admin,batignolles",apdc_batignolles,Boucherie Dandelion,Volaille Bio,,Boucher/Boucherie Dandelion/Volaille Bio;;Boucher/Boucherie Dandelion/Tous,,Toute l'année,,,France,,AB,Produit biologique.,,,,0.130,,Escalope de poulet,Produit biologique.,,"re::^CDV17-VRL,re::^MPB17-ARO",
,DAN17-VOL-506,506,Cuisse de poulet,Activé,0,kg,19.90 €,1 cuisse de 350g environ,0.350,1,6.97 €,19.9 €/kg,5,0.2,5.28 €,BDM17-cuissepouletfermier.jpg,BDM17-cuissepouletfermier.jpg,BDM17-cuissepouletfermier.jpg,Cuisse de poulet,Cuisse de poulet,Cuisse de poulet,apdc_batignolles,"admin,batignolles",apdc_batignolles,Boucherie Dandelion,Volaille Bio,,Boucher/Boucherie Dandelion/Volaille Bio;;Boucher/Boucherie Dandelion/Tous,,Toute l'année,,,France,,AB,Produit biologique.,,,,0.350,,Cuisse de poulet,Produit biologique.,,"re::^CDV17-VRL,re::^MPB17-ARO",
,DAN17-VOL-508,508,Filet de canette,Activé,0,kg,39.90 €,1 filet de 300g environ,0.300,1,11.97 €,39.9 €/kg,5,0.2,9.08 €,,,,Filet de canette,Filet de canette,Filet de canette,apdc_batignolles,"admin,batignolles",apdc_batignolles,Boucherie Dandelion,Volaille Bio,,Boucher/Boucherie Dandelion/Volaille Bio;;Boucher/Boucherie Dandelion/Tous,,Toute l'année,,,France,,AB,Produit biologique.,,,,0.300,,Filet de canette,Produit biologique.,,"re::^CDV17-VRL,re::^MPB17-ARO",
,DAN17-VOL-510,510,Poulet entier effilé,Activé,0,kg,13.20 €,"1 pièce de 2,1kg environ (avant préparation)",2.100,1,27.72 €,13.2 €/kg,5,0.2,21.02 €,DAN17-pouletbioeffile.jpg,DAN17-pouletbioeffile.jpg,DAN17-pouletbioeffile.jpg,Poulet entier effilé,Poulet entier effilé,Poulet entier effilé,apdc_batignolles,"admin,batignolles",apdc_batignolles,Boucherie Dandelion,Volaille Bio,,Boucher/Boucherie Dandelion/Volaille Bio;;Boucher/Boucherie Dandelion/Tous,,Toute l'année,,,France,,AB,Produit biologique.,,,,2.100,,Poulet entier effilé,Produit biologique.,,"re::^CDV17-VRL,re::^MPB17-ARO",
,DAN17-VOL-511,511,Pintade entière effilée,Activé,0,kg,19.90 €,"1 pièce d'1,8kg environ (avant préparation)",1.800,1,35.82 €,19.9 €/kg,5,0.2,27.16 €,,,,Pintade entière effilée,Pintade entière effilée,Pintade entière effilée,apdc_batignolles,"admin,batignolles",apdc_batignolles,Boucherie Dandelion,Volaille Bio,,Boucher/Boucherie Dandelion/Volaille Bio;;Boucher/Boucherie Dandelion/Tous,,Toute l'année,,,France,,AB,Produit biologique.,,,,1.800,,Pintade entière effilée,Produit biologique.,,"re::^CDV17-VRL,re::^MPB17-ARO",
,DAN17-VOL-512,512,Canette entière,Activé,0,kg,19.90 €,"1 pièce d'1,7kg environ (avant préparation)",1.700,1,33.83 €,19.9 €/kg,5,0.2,25.65 €,,,,Canette entière,Canette entière,Canette entière,apdc_batignolles,"admin,batignolles",apdc_batignolles,Boucherie Dandelion,Volaille Bio,,Boucher/Boucherie Dandelion/Volaille Bio;;Boucher/Boucherie Dandelion/Tous,,Toute l'année,,,France,,AB,Produit biologique.,,,,1.700,,Canette entière,Produit biologique.,,"re::^CDV17-VRL,re::^MPB17-ARO",
,DAN17-VOL-513,513,Dinde entière,Activé,0,kg,19.90 €,1 pièce de 8kg environ,8.000,1,159.20 €,19.9 €/kg,5,0.2,120.72 €,BDM17-dindenetiere.jpg,BDM17-dindenetiere.jpg,BDM17-dindenetiere.jpg,Dinde entière,Dinde entière,Dinde entière,apdc_batignolles,"admin,batignolles",apdc_batignolles,Boucherie Dandelion,Volaille Bio,,Boucher/Boucherie Dandelion/Volaille Bio;;Boucher/Boucherie Dandelion/Tous,,Toute l'année,,,France,,AB,Produit biologique.,,,,8.000,,Dinde entière,Produit biologique.,,"re::^CDV17-VRL,re::^MPB17-ARO,DAN17-SAU-403",
,DAN17-VOL-514,514,Cuisse de pintade,Activé,0,kg,27.50 €,1 pièce de 150g environ,0.150,1,4.13 €,27.5 €/kg,5,0.2,3.13 €,,,,Cuisse de pintade,Cuisse de pintade,Cuisse de pintade,apdc_batignolles,"admin,batignolles",apdc_batignolles,Boucherie Dandelion,Volaille Bio,,Boucher/Boucherie Dandelion/Volaille Bio;;Boucher/Boucherie Dandelion/Tous,,Toute l'année,,,France,,AB,Produit biologique.,,,,0.150,,Cuisse de pintade,Produit biologique.,,"re::^CDV17-VRL,re::^MPB17-ARO",
,DAN17-VOL-516,,Carcasse de poulet bio,Activé,0,kg,5.00 €,1 carcasse de 250g environ,0.250,1,1.25 €,5 €/kg,5,0.2,0.95 €,,,,Carcasse de poulet bio,Carcasse de poulet bio,Carcasse de poulet bio,apdc_batignolles,"admin,batignolles",apdc_batignolles,Boucherie Dandelion,Volaille Bio,,Boucher/Boucherie Dandelion/Volaille Bio;;Boucher/Boucherie Dandelion/Tous,,Toute l'année,,,France,,AB,Produit biologique.,,,,0.250,,Carcasse de poulet bio,Produit biologique.,,"re::^CDV17-VRL,re::^MPB17-ARO",
,DAN17-VOL-517,,Foies de volaille bio,Activé,0,kg,16.80 €,1 portion de 250g,0.250,1,4.20 €,16.8 €/kg,5,0.2,3.18 €,,,,Foies de volaille bio,Foies de volaille bio,Foies de volaille bio,apdc_batignolles,"admin,batignolles",apdc_batignolles,Boucherie Dandelion,Volaille Bio,,Boucher/Boucherie Dandelion/Volaille Bio;;Boucher/Boucherie Dandelion/Tous,,Toute l'année,,,France,,AB,Produit biologique.,,,,0.250,,Foies de volaille bio,Produit biologique.,,"re::^CDV17-VRL,re::^MPB17-ARO",
,DAN17-VOL-515,515,Suprème de pintade,Activé,0,kg,27.50 €,1 portion de 400g environ,0.400,1,11.00 €,27.5 €/kg,5,0.2,8.34 €,,,,Suprème de pintade,Suprème de pintade,Suprème de pintade,apdc_batignolles,"admin,batignolles",apdc_batignolles,Boucherie Dandelion,Volaille Bio,,Boucher/Boucherie Dandelion/Volaille Bio;;Boucher/Boucherie Dandelion/Tous,,Toute l'année,,,France,,AB,Produit biologique.,,,,0.400,,Suprème de pintade,Produit biologique.,,"re::^CDV17-VRL,re::^MPB17-ARO",